receptor,glomerulus,baseline_Hz,increment_Hz,total_Hz_approx,model_cells,direct_stimulus45
Or10a,DL1,6.0,9.333,15.333,83,False
Or13a,DC2,14.0,165.429,179.429,22,False
Or22a,DM2,4.0,32.167,36.167,54,False
Or42b,DM1,9.0,83.667,92.667,74,True
Or49b,VA5,6.0,4.8,10.8,16,False
Or59b,DM4,5.0,17.688,22.688,32,False
Or67c,VC4,3.0,9.615,12.615,38,False
Or7a,DL5,14.0,55.8,69.8,43,False
Or82a,VA6,9.0,7.857,16.857,63,False
Or85b,VM5d,8.0,107.667,115.667,84,False
Or92a,VA2,3.0,22.667,25.667,83,False
Or98a,VM5v,11.0,52.077,63.077,34,False
ab2B,DM5,1.0,63.812,64.812,35,False
ab4B,DA2,3.0,2.2,5.2,48,False
ab5B,DM3,2.0,12.286,14.286,63,False
