pattern,side,receptor,glomerulus,cells,common_baseline_Hz,increment_Hz,increment_rational,total_nominal_Hz
selective_DM1_matched,L,Or10a,DL1,36,6.0,0.0,0,6.0
selective_DM1_matched,L,Or13a,DC2,11,14.0,0.0,0,14.0
selective_DM1_matched,L,Or22a,DM2,24,4.0,0.0,0,4.0
selective_DM1_matched,L,Or42b,DM1,35,9.0,41.8335,83667/2000,50.8335
selective_DM1_matched,L,Or49b,VA5,3,6.0,0.0,0,6.0
selective_DM1_matched,L,Or59b,DM4,16,5.0,0.0,0,5.0
selective_DM1_matched,L,Or67c,VC4,14,3.0,0.0,0,3.0
selective_DM1_matched,L,Or7a,DL5,23,14.0,0.0,0,14.0
selective_DM1_matched,L,Or82a,VA6,29,9.0,0.0,0,9.0
selective_DM1_matched,L,Or85b,VM5d,30,8.0,0.0,0,8.0
selective_DM1_matched,L,Or92a,VA2,33,3.0,0.0,0,3.0
selective_DM1_matched,L,Or98a,VM5v,15,11.0,0.0,0,11.0
selective_DM1_matched,L,ab2B,DM5,10,1.0,0.0,0,1.0
selective_DM1_matched,L,ab4B,DA2,21,3.0,0.0,0,3.0
selective_DM1_matched,L,ab5B,DM3,23,2.0,0.0,0,2.0
empirical_shape_matched,L,Or10a,DL1,36,6.0,1.0103299636868546,5466048777/5410162000,7.010329963686854
empirical_shape_matched,L,Or13a,DC2,11,14.0,17.90826910562013,96886637001/5410162000,31.90826910562013
empirical_shape_matched,L,Or22a,DM2,24,4.0,3.4821905005802045,18839214723/5410162000,7.482190500580204
empirical_shape_matched,L,Or42b,DM1,35,9.0,9.05724601647788,49001168223/5410162000,18.05724601647788
empirical_shape_matched,L,Or49b,VA5,3,6.0,0.519616824782696,7028028/13525405,6.5196168247826956
empirical_shape_matched,L,Or59b,DM4,16,5.0,1.9147879993242347,1294914159/676270250,6.9147879993242345
empirical_shape_matched,L,Or67c,VC4,14,3.0,1.0408574521428378,1126241487/1082032400,4.040857452142838
empirical_shape_matched,L,Or7a,DL5,23,14.0,6.040545588098841,163401651/27050810,20.04054558809884
empirical_shape_matched,L,Or82a,VA6,29,9.0,0.8505477900661754,4601601333/5410162000,9.850547790066175
empirical_shape_matched,L,Or85b,VM5d,30,8.0,11.65533014039136,63057224223/5410162000,19.65533014039136
empirical_shape_matched,L,Or92a,VA2,33,3.0,2.453782201531119,13275359223/5410162000,5.453782201531118
empirical_shape_matched,L,Or98a,VM5v,15,11.0,5.637517788376762,30499884513/5410162000,16.637517788376762
empirical_shape_matched,L,ab2B,DM5,10,1.0,6.907872671465291,9343177557/1352540500,7.907872671465291
empirical_shape_matched,L,ab4B,DA2,21,3.0,0.23815771135873565,6442359/27050810,3.2381577113587356
empirical_shape_matched,L,ab5B,DM3,23,2.0,1.3300025644333755,3597764667/2705081000,3.3300025644333755
flat_population_matched,L,Or10a,DL1,36,6.0,4.533041795665635,585669/129200,10.533041795665635
flat_population_matched,L,Or13a,DC2,11,14.0,4.533041795665635,585669/129200,18.533041795665635
flat_population_matched,L,Or22a,DM2,24,4.0,4.533041795665635,585669/129200,8.533041795665635
flat_population_matched,L,Or42b,DM1,35,9.0,4.533041795665635,585669/129200,13.533041795665635
flat_population_matched,L,Or49b,VA5,3,6.0,4.533041795665635,585669/129200,10.533041795665635
flat_population_matched,L,Or59b,DM4,16,5.0,4.533041795665635,585669/129200,9.533041795665635
flat_population_matched,L,Or67c,VC4,14,3.0,4.533041795665635,585669/129200,7.533041795665635
flat_population_matched,L,Or7a,DL5,23,14.0,4.533041795665635,585669/129200,18.533041795665635
flat_population_matched,L,Or82a,VA6,29,9.0,4.533041795665635,585669/129200,13.533041795665635
flat_population_matched,L,Or85b,VM5d,30,8.0,4.533041795665635,585669/129200,12.533041795665635
flat_population_matched,L,Or92a,VA2,33,3.0,4.533041795665635,585669/129200,7.533041795665635
flat_population_matched,L,Or98a,VM5v,15,11.0,4.533041795665635,585669/129200,15.533041795665635
flat_population_matched,L,ab2B,DM5,10,1.0,4.533041795665635,585669/129200,5.533041795665635
flat_population_matched,L,ab4B,DA2,21,3.0,4.533041795665635,585669/129200,7.533041795665635
flat_population_matched,L,ab5B,DM3,23,2.0,4.533041795665635,585669/129200,6.533041795665635
sham_common_baseline,L,Or10a,DL1,36,6.0,0.0,0,6.0
sham_common_baseline,L,Or13a,DC2,11,14.0,0.0,0,14.0
sham_common_baseline,L,Or22a,DM2,24,4.0,0.0,0,4.0
sham_common_baseline,L,Or42b,DM1,35,9.0,0.0,0,9.0
sham_common_baseline,L,Or49b,VA5,3,6.0,0.0,0,6.0
sham_common_baseline,L,Or59b,DM4,16,5.0,0.0,0,5.0
sham_common_baseline,L,Or67c,VC4,14,3.0,0.0,0,3.0
sham_common_baseline,L,Or7a,DL5,23,14.0,0.0,0,14.0
sham_common_baseline,L,Or82a,VA6,29,9.0,0.0,0,9.0
sham_common_baseline,L,Or85b,VM5d,30,8.0,0.0,0,8.0
sham_common_baseline,L,Or92a,VA2,33,3.0,0.0,0,3.0
sham_common_baseline,L,Or98a,VM5v,15,11.0,0.0,0,11.0
sham_common_baseline,L,ab2B,DM5,10,1.0,0.0,0,1.0
sham_common_baseline,L,ab4B,DA2,21,3.0,0.0,0,3.0
sham_common_baseline,L,ab5B,DM3,23,2.0,0.0,0,2.0
selective_DM1_matched,R,Or10a,DL1,40,6.0,0.0,0,6.0
selective_DM1_matched,R,Or13a,DC2,11,14.0,0.0,0,14.0
selective_DM1_matched,R,Or22a,DM2,29,4.0,0.0,0,4.0
selective_DM1_matched,R,Or42b,DM1,39,9.0,41.8335,83667/2000,50.8335
selective_DM1_matched,R,Or49b,VA5,7,6.0,0.0,0,6.0
selective_DM1_matched,R,Or59b,DM4,15,5.0,0.0,0,5.0
selective_DM1_matched,R,Or67c,VC4,17,3.0,0.0,0,3.0
selective_DM1_matched,R,Or7a,DL5,19,14.0,0.0,0,14.0
selective_DM1_matched,R,Or82a,VA6,28,9.0,0.0,0,9.0
selective_DM1_matched,R,Or85b,VM5d,36,8.0,0.0,0,8.0
selective_DM1_matched,R,Or92a,VA2,41,3.0,0.0,0,3.0
selective_DM1_matched,R,Or98a,VM5v,19,11.0,0.0,0,11.0
selective_DM1_matched,R,ab2B,DM5,18,1.0,0.0,0,1.0
selective_DM1_matched,R,ab4B,DA2,20,3.0,0.0,0,3.0
selective_DM1_matched,R,ab5B,DM3,32,2.0,0.0,0,2.0
empirical_shape_matched,R,Or10a,DL1,40,6.0,0.9816139243244093,499240989/508592000,6.981613924324409
empirical_shape_matched,R,Or13a,DC2,11,14.0,17.399272461916073,539796977577/31024112000,31.399272461916073
empirical_shape_matched,R,Or22a,DM2,29,4.0,3.3832181617639856,5524281009/1632848000,7.383218161763986
empirical_shape_matched,R,Or42b,DM1,39,9.0,8.799817015584523,273006508671/31024112000,17.799817015584523
empirical_shape_matched,R,Or49b,VA5,7,6.0,0.5048480485114288,9789039/19390070,6.504848048511429
empirical_shape_matched,R,Or59b,DM4,15,5.0,1.860365058764615,7214521743/3878014000,6.860365058764615
empirical_shape_matched,R,Or67c,VC4,17,3.0,1.0112737471744557,6274773999/6204822400,4.011273747174456
empirical_shape_matched,R,Or7a,DL5,19,14.0,5.86885856394536,910380627/155120560,19.86885856394536
empirical_shape_matched,R,Or82a,VA6,28,9.0,0.826373149407145,25637493141/31024112000,9.826373149407145
empirical_shape_matched,R,Or85b,VM5d,36,8.0,11.324057258141668,50188402953/4432016000,19.324057258141668
empirical_shape_matched,R,Or92a,VA2,41,3.0,2.384039732418449,3892774509/1632848000,5.384039732418449
empirical_shape_matched,R,Or98a,VM5v,19,11.0,5.477285796318682,169927928001/31024112000,16.477285796318682
empirical_shape_matched,R,ab2B,DM5,18,1.0,6.711534098252353,7436406627/1108004000,7.711534098252353
empirical_shape_matched,R,ab4B,DA2,20,3.0,0.23138868890107153,35893143/155120560,3.2313886889010717
empirical_shape_matched,R,ab5B,DM3,32,2.0,1.2922006508357113,20044688859/15512056000,3.2922006508357113
flat_population_matched,R,Or10a,DL1,40,6.0,4.3975916442048515,3263013/742000,10.397591644204851
flat_population_matched,R,Or13a,DC2,11,14.0,4.3975916442048515,3263013/742000,18.39759164420485
flat_population_matched,R,Or22a,DM2,29,4.0,4.3975916442048515,3263013/742000,8.397591644204851
flat_population_matched,R,Or42b,DM1,39,9.0,4.3975916442048515,3263013/742000,13.397591644204851
flat_population_matched,R,Or49b,VA5,7,6.0,4.3975916442048515,3263013/742000,10.397591644204851
flat_population_matched,R,Or59b,DM4,15,5.0,4.3975916442048515,3263013/742000,9.397591644204851
flat_population_matched,R,Or67c,VC4,17,3.0,4.3975916442048515,3263013/742000,7.3975916442048515
flat_population_matched,R,Or7a,DL5,19,14.0,4.3975916442048515,3263013/742000,18.39759164420485
flat_population_matched,R,Or82a,VA6,28,9.0,4.3975916442048515,3263013/742000,13.397591644204851
flat_population_matched,R,Or85b,VM5d,36,8.0,4.3975916442048515,3263013/742000,12.397591644204851
flat_population_matched,R,Or92a,VA2,41,3.0,4.3975916442048515,3263013/742000,7.3975916442048515
flat_population_matched,R,Or98a,VM5v,19,11.0,4.3975916442048515,3263013/742000,15.397591644204851
flat_population_matched,R,ab2B,DM5,18,1.0,4.3975916442048515,3263013/742000,5.3975916442048515
flat_population_matched,R,ab4B,DA2,20,3.0,4.3975916442048515,3263013/742000,7.3975916442048515
flat_population_matched,R,ab5B,DM3,32,2.0,4.3975916442048515,3263013/742000,6.3975916442048515
sham_common_baseline,R,Or10a,DL1,40,6.0,0.0,0,6.0
sham_common_baseline,R,Or13a,DC2,11,14.0,0.0,0,14.0
sham_common_baseline,R,Or22a,DM2,29,4.0,0.0,0,4.0
sham_common_baseline,R,Or42b,DM1,39,9.0,0.0,0,9.0
sham_common_baseline,R,Or49b,VA5,7,6.0,0.0,0,6.0
sham_common_baseline,R,Or59b,DM4,15,5.0,0.0,0,5.0
sham_common_baseline,R,Or67c,VC4,17,3.0,0.0,0,3.0
sham_common_baseline,R,Or7a,DL5,19,14.0,0.0,0,14.0
sham_common_baseline,R,Or82a,VA6,28,9.0,0.0,0,9.0
sham_common_baseline,R,Or85b,VM5d,36,8.0,0.0,0,8.0
sham_common_baseline,R,Or92a,VA2,41,3.0,0.0,0,3.0
sham_common_baseline,R,Or98a,VM5v,19,11.0,0.0,0,11.0
sham_common_baseline,R,ab2B,DM5,18,1.0,0.0,0,1.0
sham_common_baseline,R,ab4B,DA2,20,3.0,0.0,0,3.0
sham_common_baseline,R,ab5B,DM3,32,2.0,0.0,0,2.0
