arm,id,paper_label,type,side,initial,sampled_min,sampled_max,at_2s,at_3s
sham,10045,BDN2,DNg100,L,0.0,0.0,0.0,0.0,0.0
sham,10056,BDN2,DNg100,R,0.0,0.0,0.0,0.0,0.0
sham,10783,P9,DNp09,L,0.0,0.0,0.0,0.0,0.0
sham,11177,P9,DNp09,R,0.0,0.0,0.0,0.0,0.0
sham,11374,BB,DNg60,L,0.0,0.0,0.0,0.0,0.0
sham,13805,oDN1,DNg97,L,4.6211131811055555e-15,3.975991514129652e-17,0.19938230514526367,1.3789466720481869e-05,7.647334859939292e-05
sham,14113,BRK,AN19A018,R,29.75270652770996,29.18586540222168,30.021860122680664,29.280424118041992,29.186054229736328
sham,14863,BRK,AN19A018,R,0.0,0.0,0.0,0.0,0.0
sham,14973,BRK,AN19A018,L,66.52978515625,65.44799041748047,67.16525268554688,65.49260711669922,65.49193572998047
sham,16542,BRK,AN19A018,R,0.0,0.0,0.0,0.0,0.0
sham,17510,BRK,AN19A018,L,0.0,0.0,0.0,0.0,0.0
sham,26344,FG,GNG458,R,0.0,0.0,0.0,0.0,0.0
sham,188947,BB,DNg60,R,0.0,0.0,0.0,0.0,0.0
sham,230783,oDN1,DNg97,R,0.0,0.0,0.0,0.0,0.0
sham,520884,FG,GNG458,L,0.0,0.0,0.0,0.0,0.0
sham,523843,BRK,AN19A018,L,0.0,0.0,0.0,0.0,0.0
odor,10045,BDN2,DNg100,L,0.0,0.0,0.0,0.0,0.0
odor,10056,BDN2,DNg100,R,0.0,0.0,0.0,0.0,0.0
odor,10783,P9,DNp09,L,0.0,0.0,0.0,0.0,0.0
odor,11177,P9,DNp09,R,0.0,0.0,0.0,0.0,0.0
odor,11374,BB,DNg60,L,0.0,0.0,0.0,0.0,0.0
odor,13805,oDN1,DNg97,L,4.6211131811055555e-15,0.0,0.19938230514526367,2.3839470461781134e-21,5.299710792076458e-42
odor,14113,BRK,AN19A018,R,29.75270652770996,29.17466926574707,30.017593383789062,29.267108917236328,29.175060272216797
odor,14863,BRK,AN19A018,R,0.0,0.0,0.0,0.0,0.0
odor,14973,BRK,AN19A018,L,66.52978515625,65.43291473388672,67.15999603271484,65.4755859375,65.47478485107422
odor,16542,BRK,AN19A018,R,0.0,0.0,0.0,0.0,0.0
odor,17510,BRK,AN19A018,L,0.0,0.0,0.0,0.0,0.0
odor,26344,FG,GNG458,R,0.0,0.0,0.0,0.0,0.0
odor,188947,BB,DNg60,R,0.0,0.0,0.0,0.0,0.0
odor,230783,oDN1,DNg97,R,0.0,0.0,0.0,0.0,0.0
odor,520884,FG,GNG458,L,0.0,0.0,0.0,0.0,0.0
odor,523843,BRK,AN19A018,L,0.0,0.0,0.0,0.0,0.0
