history,window_ms,target,group,global_annotated_neurons,incoming_edges,included_edges,effective_edges,positive_edges,negative_edges,incoming_missing_class,incoming_missing_superclass,group_missing_NT,accepted_committed_RHS,direct_box_excluded_all_samples,observed_group_product_sum64_min,observed_group_product_sum64_max,observed_positive_product_sum64_min,observed_positive_product_sum64_max,observed_negative_product_sum64_min,observed_negative_product_sum64_max,outside_product_sum64_min,outside_product_sum64_max,consumer_net32_min,consumer_net32_max,consumer_margin32_min,consumer_margin32_max,reduction_residual64_min,reduction_residual64_max,upper_group_real64_min,upper_group_real64_max,upper_net32_min,upper_net32_max,upper_margin32_min,upper_margin32_max,available_increment32_min,available_increment32_max
sham_off_01,1,10045,C1,1314,230,230,214,140,74,1121,0,0,276,False,-981.0242312738434,-979.4505439912821,43.052905719564826,43.06412971858729,-1024.0771369934082,-1022.5146737098694,154.70992256067711,159.22071309902685,-826.313720703125,-820.229736328125,-1489.572265625,-1483.48828125,-0.0009964919819367424,0.0008806100464653355,12731.636708179834,12731.636708179834,12886.3466796875,12890.857421875,12223.087890625,12227.5986328125,13711.087158203125,13712.660400390625
sham_off_01,1,10045,C2,2383,157,157,155,121,34,1121,0,0,276,False,-129.55814666301012,-129.41523373499513,80.86637590453029,80.87898173183203,-210.43712839484215,-210.2816096395254,-696.7561620501563,-690.8145971572601,-826.313720703125,-820.229736328125,-1489.572265625,-1483.48828125,-0.0009964919818230555,0.0008806100463516486,4731.151706088112,4731.151706088112,4034.39599609375,4040.337158203125,3371.137451171875,3377.07861328125,4860.56689453125,4860.709716796875
sham_off_01,1,10045,C3,97,0,0,0,0,0,1121,0,0,276,True,0.0,0.0,0.0,0.0,0.0,0.0,-826.3143087131664,-820.2298308922552,-826.313720703125,-820.229736328125,-1489.572265625,-1483.48828125,-0.0009964919818230555,0.0008806100463516486,0.0,0.0,-826.313720703125,-820.229736328125,-1489.572265625,-1483.48828125,0.0,0.0
sham_off_01,1,10045,C1_external,1312,229,229,213,139,74,1121,0,0,276,False,-981.0242312738434,-979.4505439912821,43.052905719564826,43.06412971858729,-1024.0771369934082,-1022.5146737098694,154.70992256067711,159.22071309902685,-826.313720703125,-820.229736328125,-1489.572265625,-1483.48828125,-0.0009964919819367424,0.0008806100464653355,12050.30884494376,12050.30884494376,12205.01953125,12209.529296875,11541.7607421875,11546.2705078125,13029.759033203125,13031.333251953125
sham_off_01,1,10056,C1,1314,227,227,205,129,76,1159,0,0,276,False,-926.9960155354036,-925.4649480548397,57.27616254569139,57.28186816934818,-984.2778837047517,-982.7411106005311,86.71422631080645,91.00559006957178,-840.281982421875,-834.45947265625,-1399.468017578125,-1393.6455078125,-0.00039006068175240216,0.0006935618424677159,12253.944621972427,12253.944621972427,12340.658203125,12344.951171875,11781.4716796875,11785.7646484375,13179.41064453125,13180.940185546875
sham_off_01,1,10056,C2,2383,176,176,170,132,38,1159,0,0,276,False,-200.69212590157986,-200.49663395434618,58.09306976944208,58.0962303057313,-258.78835620731115,-258.58970372378826,-639.589663323017,-633.9627240309217,-840.281982421875,-834.45947265625,-1399.468017578125,-1393.6455078125,-0.0003900606816387153,0.0006935618423540291,4035.4419137898904,4035.4419137898904,3395.8525390625,3401.4794921875,2836.66650390625,2842.29345703125,4235.93896484375,4236.134521484375
sham_off_01,1,10056,C3,97,0,0,0,0,0,1159,0,0,276,True,0.0,0.0,0.0,0.0,0.0,0.0,-840.2817892245967,-834.4593579852676,-840.281982421875,-834.45947265625,-1399.468017578125,-1393.6455078125,-0.0003900606816387153,0.0006935618421266554,0.0,0.0,-840.281982421875,-834.45947265625,-1399.468017578125,-1393.6455078125,0.0,0.0
sham_off_01,1,10056,C1_external,1312,226,226,204,128,76,1159,0,0,276,False,-926.9960155354036,-925.4649480548397,57.27616254569139,57.28186816934818,-984.2778837047517,-982.7411106005311,86.71422631080645,91.00559006957178,-840.281982421875,-834.45947265625,-1399.468017578125,-1393.6455078125,-0.00039006068175240216,0.0006935618424677159,11533.097214645026,11533.097214645026,11619.8115234375,11624.103515625,11060.625,11064.9169921875,12458.56298828125,12460.093505859375
sham_off_01,5,10045,C1,1314,230,230,214,140,74,1121,0,0,248,False,-974.8799226702168,-973.4043598634048,43.103684160022446,43.12110271930263,-1017.9836068302393,-1016.5254625827074,172.2380115422893,176.39876084167736,-802.6417236328125,-797.0057373046875,-1465.9002685546875,-1460.2642822265625,-0.0006296537982279915,0.0008201830181633341,12731.636708179834,12731.636708179834,12903.8759765625,12908.0361328125,12240.6171875,12244.77734375,13705.041870117188,13706.517700195312
sham_off_01,5,10045,C2,2383,157,157,155,121,34,1121,0,0,248,False,-129.01691208779812,-128.89429803937674,80.81986013799906,80.83092074096203,-209.84783282876015,-209.7141581773758,-673.6249990401293,-668.1113009823507,-802.6417236328125,-797.0057373046875,-1465.9002685546875,-1460.2642822265625,-0.0006296537983416783,0.0008201830182770209,4731.151706088112,4731.151706088112,4057.52685546875,4063.040283203125,3394.268310546875,3399.78173828125,4860.0460205078125,4860.1685791015625
sham_off_01,5,10045,C3,97,0,0,0,0,0,1121,0,0,248,True,0.0,0.0,0.0,0.0,0.0,0.0,-802.6419111279274,-797.0055990217274,-802.6417236328125,-797.0057373046875,-1465.9002685546875,-1460.2642822265625,-0.0006296537983416783,0.0008201830182770209,0.0,0.0,-802.6417236328125,-797.0057373046875,-1465.9002685546875,-1460.2642822265625,0.0,0.0
sham_off_01,5,10045,C1_external,1312,229,229,213,139,74,1121,0,0,248,False,-974.8799226702168,-973.4043598634048,43.103684160022446,43.12110271930263,-1017.9836068302393,-1016.5254625827074,172.2380115422893,176.39876084167736,-802.6417236328125,-797.0057373046875,-1465.9002685546875,-1460.2642822265625,-0.0006296537982279915,0.0008201830181633341,12050.30884494376,12050.30884494376,12222.5478515625,12226.708984375,11559.2890625,11563.4501953125,13023.714721679688,13025.189575195312
sham_off_01,5,10056,C1,1314,227,227,205,129,76,1159,0,0,248,False,-921.0168085464599,-919.5796927380395,57.26973165261126,57.273999240340586,-978.2865401990712,-976.8536919783801,103.49292569928252,107.51966544568222,-817.52392578125,-812.0596313476562,-1376.7099609375,-1371.2457275390625,-0.0005700202308389635,0.0006182356225963304,12253.944621972427,12253.944621972427,12357.4375,12361.4638671875,11798.2509765625,11802.27734375,13173.523498535156,13174.96142578125
sham_off_01,5,10056,C2,2383,176,176,170,132,38,1159,0,0,248,False,-199.94851377606392,-199.77860295027494,58.0831760391593,58.085249558091164,-258.0337633341551,-257.86177898943424,-617.5753690711135,-612.2814243420821,-817.52392578125,-812.0596313476562,-1376.7099609375,-1371.2457275390625,-0.0005700202309526503,0.000618235622823704,4035.4419137898904,4035.4419137898904,3417.86669921875,3423.16064453125,2858.6806640625,2863.974609375,4235.220275878906,4235.390625
sham_off_01,5,10056,C3,97,0,0,0,0,0,1159,0,0,248,True,0.0,0.0,0.0,0.0,0.0,0.0,-817.5238828471774,-812.0600272923571,-817.52392578125,-812.0596313476562,-1376.7099609375,-1371.2457275390625,-0.0005700202309526503,0.000618235622823704,0.0,0.0,-817.52392578125,-812.0596313476562,-1376.7099609375,-1371.2457275390625,0.0,0.0
sham_off_01,5,10056,C1_external,1312,226,226,204,128,76,1159,0,0,248,False,-921.0168085464599,-919.5796927380395,57.26973165261126,57.273999240340586,-978.2865401990712,-976.8536919783801,103.49292569928252,107.51966544568222,-817.52392578125,-812.0596313476562,-1376.7099609375,-1371.2457275390625,-0.0005700202308389635,0.0006182356225963304,11533.097214645026,11533.097214645026,11636.58984375,11640.6171875,11077.4033203125,11081.4306640625,12452.676818847656,12454.11376953125
sham_off_01,10,10045,C1,1314,230,230,214,140,74,1121,0,0,308,False,-967.7229077176319,-966.3542468454185,43.22366908629081,43.258751759355995,-1010.9465768039227,-1009.6129986047745,192.1089989500947,195.7963117185709,-775.6136474609375,-770.5579833984375,-1438.8721923828125,-1433.8165283203125,-0.0008808686845895863,0.000932673758711644,12731.636708179834,12731.636708179834,12923.74609375,12927.431640625,12260.4873046875,12264.1728515625,13697.989624023438,13699.359741210938
sham_off_01,10,10045,C2,2383,157,157,155,121,34,1121,0,0,308,False,-128.45412461459637,-128.35642174631357,80.76994328945875,80.77922947704792,-209.2333540916443,-209.12636503577232,-647.1597841529408,-642.2015133805339,-775.6136474609375,-770.5579833984375,-1438.8721923828125,-1433.8165283203125,-0.0008808686845895863,0.0009326737585979572,4731.151706088112,4731.151706088112,4083.9921875,4088.95068359375,3420.733642578125,3425.692138671875,4859.5081787109375,4859.6058349609375
sham_off_01,10,10045,C3,97,0,0,0,0,0,1121,0,0,308,True,0.0,0.0,0.0,0.0,0.0,0.0,-775.6139087675372,-770.5579351268475,-775.6136474609375,-770.5579833984375,-1438.8721923828125,-1433.8165283203125,-0.0008808686845895863,0.0009326737585979572,0.0,0.0,-775.6136474609375,-770.5579833984375,-1438.8721923828125,-1433.8165283203125,0.0,0.0
sham_off_01,10,10045,C1_external,1312,229,229,213,139,74,1121,0,0,308,False,-967.7229077176319,-966.3542468454185,43.22366908629081,43.258751759355995,-1010.9465768039227,-1009.6129986047745,192.1089989500947,195.7963117185709,-775.6136474609375,-770.5579833984375,-1438.8721923828125,-1433.8165283203125,-0.0008808686845895863,0.000932673758711644,12050.30884494376,12050.30884494376,12242.41796875,12246.1044921875,11579.1591796875,11582.845703125,13016.662475585938,13018.031616210938
sham_off_01,10,10056,C1,1314,227,227,205,129,76,1159,0,0,308,False,-914.0370793561709,-912.6989627078226,57.337925047122255,57.367181132728774,-971.3750044032931,-970.0661438405514,122.90797977296256,126.56689932360314,-791.1289672851562,-786.1319580078125,-1350.3150634765625,-1345.318115234375,-0.0003431336626817938,0.0006826568320548176,12253.944621972427,12253.944621972427,12376.853515625,12380.5107421875,11817.6669921875,11821.32421875,13166.642700195312,13167.982482910156
sham_off_01,10,10056,C2,2383,176,176,170,132,38,1159,0,0,308,False,-199.1619540117681,-199.02324910089374,58.07658538222313,58.07741495221853,-257.23936896398664,-257.09983448311687,-591.9671455714399,-587.1088142833255,-791.1289672851562,-786.1319580078125,-1350.3150634765625,-1345.318115234375,-0.0003431336626817938,0.0006826568323958782,4035.4419137898904,4035.4419137898904,3443.475341796875,3448.333251953125,2884.289306640625,2889.147216796875,4234.4652099609375,4234.604309082031
sham_off_01,10,10056,C3,97,0,0,0,0,0,1159,0,0,308,True,0.0,0.0,0.0,0.0,0.0,0.0,-791.129099583208,-786.1320633842192,-791.1289672851562,-786.1319580078125,-1350.3150634765625,-1345.318115234375,-0.0003431336626817938,0.0006826568323958782,0.0,0.0,-791.1289672851562,-786.1319580078125,-1350.3150634765625,-1345.318115234375,0.0,0.0
sham_off_01,10,10056,C1_external,1312,226,226,204,128,76,1159,0,0,308,False,-914.0370793561709,-912.6989627078226,57.337925047122255,57.367181132728774,-971.3750044032931,-970.0661438405514,122.90797977296256,126.56689932360314,-791.1289672851562,-786.1319580078125,-1350.3150634765625,-1345.318115234375,-0.0003431336626817938,0.0006826568320548176,11533.097214645026,11533.097214645026,11656.005859375,11659.6630859375,11096.8193359375,11100.4765625,12445.795043945312,12447.134826660156
sham_off_01,20,10045,C1,1314,230,230,214,140,74,1121,0,0,256,False,-954.8127365913655,-953.605816660389,43.750003198120474,43.82149526669111,-998.5627397894859,-997.4273119270802,224.4592905610616,227.12279361391484,-730.353271484375,-726.483154296875,-1393.61181640625,-1389.74169921875,-0.0007614371531872166,0.0007570181583105295,12731.636708179834,12731.636708179834,12956.09765625,12958.759765625,12292.8388671875,12295.5009765625,13685.242919921875,13686.450927734375
sham_off_01,20,10045,C2,2383,157,157,155,121,34,1121,0,0,256,False,-127.6838873103261,-127.63049209862947,80.69469165056944,80.70087068527937,-208.38475799560547,-208.3251837491989,-602.6695587199779,-598.8525309478448,-730.353271484375,-726.483154296875,-1393.61181640625,-1389.74169921875,-0.0007614371531872166,0.0007570181583105295,4731.151706088112,4731.151706088112,4128.4814453125,4132.298828125,3465.222900390625,3469.040283203125,4858.781982421875,4858.8349609375
sham_off_01,20,10045,C3,97,0,0,0,0,0,1121,0,0,256,True,0.0,0.0,0.0,0.0,0.0,0.0,-730.353446030304,-726.4830230464743,-730.353271484375,-726.483154296875,-1393.61181640625,-1389.74169921875,-0.0007614371531872166,0.0007570181583105295,0.0,0.0,-730.353271484375,-726.483154296875,-1393.61181640625,-1389.74169921875,0.0,0.0
sham_off_01,20,10045,C1_external,1312,229,229,213,139,74,1121,0,0,256,False,-954.8127365913655,-953.605816660389,43.750003198120474,43.82149526669111,-998.5627397894859,-997.4273119270802,224.4592905610616,227.12279361391484,-730.353271484375,-726.483154296875,-1393.61181640625,-1389.74169921875,-0.0007614371531872166,0.0007570181583105295,12050.30884494376,12050.30884494376,12274.76953125,12277.4326171875,11611.5107421875,11614.173828125,13003.915771484375,13005.122802734375
sham_off_01,20,10056,C1,1314,227,227,205,129,76,1159,0,0,256,False,-901.354414104959,-900.1613175988948,57.87835442692973,57.9595964542771,-959.2327685318887,-958.1209140531719,155.7797926960552,158.57792487969982,-745.5748291015625,-741.583251953125,-1304.760986328125,-1300.769287109375,-0.0004691344267939712,0.0005213122410623328,12253.944621972427,12253.944621972427,12409.724609375,12412.5234375,11850.5380859375,11853.3369140625,13154.106689453125,13155.299438476562
sham_off_01,20,10056,C2,2383,176,176,170,132,38,1159,0,0,256,False,-198.03369124419987,-197.950444387272,58.079019866883755,58.080290503799915,-256.1127111110836,-256.0307348910719,-547.5409301647037,-543.6329483319232,-745.5748291015625,-741.583251953125,-1304.760986328125,-1300.769287109375,-0.0004691344267939712,0.0005213122408349591,4035.4419137898904,4035.4419137898904,3487.90087890625,3491.8095703125,2928.71484375,2932.62353515625,4233.392822265625,4233.4757080078125
sham_off_01,20,10056,C3,97,0,0,0,0,0,1159,0,0,256,True,0.0,0.0,0.0,0.0,0.0,0.0,-745.5746214089036,-741.5833927191952,-745.5748291015625,-741.583251953125,-1304.760986328125,-1300.769287109375,-0.0004691344267939712,0.0005213122408349591,0.0,0.0,-745.5748291015625,-741.583251953125,-1304.760986328125,-1300.769287109375,0.0,0.0
sham_off_01,20,10056,C1_external,1312,226,226,204,128,76,1159,0,0,256,False,-901.354414104959,-900.1613175988948,57.87835442692973,57.9595964542771,-959.2327685318887,-958.1209140531719,155.7797926960552,158.57792487969982,-745.5748291015625,-741.583251953125,-1304.760986328125,-1300.769287109375,-0.0004691344267939712,0.0005213122410623328,11533.097214645026,11533.097214645026,11688.876953125,11691.67578125,11129.6904296875,11132.4892578125,12433.259033203125,12434.451782226562
sham_off_01,50,10045,C1,1314,230,230,214,140,74,1121,0,0,284,False,-926.2155787271574,-925.7103495611263,45.54387932297432,45.55337856575716,-971.7594580501318,-971.2637281268835,253.17361357692698,253.9850839864639,-672.536376953125,-672.230224609375,-1335.794921875,-1335.48876953125,-0.0007031950983673596,0.001046733941848288,12731.636708179834,12731.636708179834,12984.810546875,12985.62109375,12321.5517578125,12322.3623046875,13657.3466796875,13657.851318359375
sham_off_01,50,10045,C2,2383,157,157,155,121,34,1121,0,0,284,False,-127.38505958765745,-127.36030589789152,80.65803051739931,80.66008947789669,-208.0451486557722,-208.01833641529083,-545.1517087827806,-544.870188842802,-672.536376953125,-672.230224609375,-1335.794921875,-1335.48876953125,-0.0007031950983673596,0.001046733941848288,4731.151706088112,4731.151706088112,4186.0,4186.28173828125,3522.741455078125,3523.023193359375,4858.511962890625,4858.536865234375
sham_off_01,50,10045,C3,97,0,0,0,0,0,1121,0,0,284,True,0.0,0.0,0.0,0.0,0.0,0.0,-672.536768370438,-672.2304947406935,-672.536376953125,-672.230224609375,-1335.794921875,-1335.48876953125,-0.0007031950983673596,0.001046733941848288,0.0,0.0,-672.536376953125,-672.230224609375,-1335.794921875,-1335.48876953125,0.0,0.0
sham_off_01,50,10045,C1_external,1312,229,229,213,139,74,1121,0,0,284,False,-926.2155787271574,-925.7103495611263,45.54387932297432,45.55337856575716,-971.7594580501318,-971.2637281268835,253.17361357692698,253.9850839864639,-672.536376953125,-672.230224609375,-1335.794921875,-1335.48876953125,-0.0007031950983673596,0.001046733941848288,12050.30884494376,12050.30884494376,12303.482421875,12304.29296875,11640.2236328125,11641.0341796875,12976.0185546875,12976.523193359375
sham_off_01,50,10056,C1,1314,227,227,205,129,76,1159,0,0,284,False,-872.7937402743818,-872.2740293123368,60.21215378865889,60.24317131968407,-933.0058940630406,-932.5172006320208,189.18407011298928,189.9123287858597,-683.0902709960938,-682.8814697265625,-1242.2763671875,-1242.067626953125,-0.0005914474243127188,0.0004412128712374397,12253.944621972427,12253.944621972427,12443.12890625,12443.8564453125,11883.9423828125,11884.669921875,13126.218994140625,13126.737915039062
sham_off_01,50,10056,C2,2383,176,176,170,132,38,1159,0,0,284,False,-197.21413562027737,-197.1955006159842,58.19420088455081,58.19964453577995,-255.41377857280895,-255.389701500535,-485.87589422379574,-485.68591087253776,-683.0902709960938,-682.8814697265625,-1242.2763671875,-1242.067626953125,-0.0005914474243127188,0.000441212871010066,4035.4419137898904,4035.4419137898904,3549.56591796875,3549.755859375,2990.3798828125,2990.56982421875,4232.6373291015625,4232.656494140625
sham_off_01,50,10056,C3,97,0,0,0,0,0,1159,0,0,284,True,0.0,0.0,0.0,0.0,0.0,0.0,-683.0900298440733,-682.881411488522,-683.0902709960938,-682.8814697265625,-1242.2763671875,-1242.067626953125,-0.0005914474243127188,0.000441212871010066,0.0,0.0,-683.0902709960938,-682.8814697265625,-1242.2763671875,-1242.067626953125,0.0,0.0
sham_off_01,50,10056,C1_external,1312,226,226,204,128,76,1159,0,0,284,False,-872.7937402743818,-872.2740293123368,60.21215378865889,60.24317131968407,-933.0058940630406,-932.5172006320208,189.18407011298928,189.9123287858597,-683.0902709960938,-682.8814697265625,-1242.2763671875,-1242.067626953125,-0.0005914474243127188,0.0004412128712374397,11533.097214645026,11533.097214645026,11722.28125,11723.009765625,11163.0947265625,11163.8232421875,12405.371337890625,12405.891235351562
profile_off_01,1,10045,C1,1314,230,230,214,140,74,1121,0,0,348,False,-978.4268904880097,-976.8243075811041,43.043257747549724,43.05634685822598,-1021.4701482355595,-1019.8806544393301,159.0627354426947,163.3914986093514,-819.3646240234375,-813.432861328125,-1482.6231689453125,-1476.69140625,-0.000836547317021541,0.0006511778899493947,12731.636708179834,12731.636708179834,12890.7001953125,12895.0283203125,12227.44140625,12231.76953125,13708.461181640625,13710.064819335938
profile_off_01,1,10045,C2,2383,157,157,155,121,34,1121,0,0,348,False,-129.61171798035502,-129.46793719381094,80.73275203257799,80.74552443996072,-210.35724242031574,-210.20068922638893,-689.7524370649601,-683.9648717779414,-819.3646240234375,-813.432861328125,-1482.6231689453125,-1476.69140625,-0.0008365473172489146,0.0006511778897220211,4731.151706088112,4731.151706088112,4041.399169921875,4047.1865234375,3378.140625,3383.927978515625,4860.619384765625,4860.7637939453125
profile_off_01,1,10045,C3,97,0,0,0,0,0,1121,0,0,348,True,0.0,0.0,0.0,0.0,0.0,0.0,-819.3641550453151,-813.4328089717524,-819.3646240234375,-813.432861328125,-1482.6231689453125,-1476.69140625,-0.0008365473172489146,0.0006511778897220211,0.0,0.0,-819.3646240234375,-813.432861328125,-1482.6231689453125,-1476.69140625,0.0,0.0
profile_off_01,1,10045,C1_external,1312,229,229,213,139,74,1121,0,0,348,False,-978.4268904880097,-976.8243075811041,43.043257747549724,43.05634685822598,-1021.4701482355595,-1019.8806544393301,159.0627354426947,163.3914986093514,-819.3646240234375,-813.432861328125,-1482.6231689453125,-1476.69140625,-0.000836547317021541,0.0006511778899493947,12050.30884494376,12050.30884494376,12209.373046875,12213.701171875,11546.1142578125,11550.4423828125,13027.134033203125,13028.737670898438
profile_off_01,1,10056,C1,1314,227,227,205,129,76,1159,0,0,348,False,-924.1026307428541,-922.5415978365787,57.3870705655566,57.39098614358281,-981.4936168864369,-979.9286684021354,94.45496514816932,98.5565982826356,-829.6475830078125,-823.98486328125,-1388.833740234375,-1383.1708984375,-0.0005968751382852133,0.0004658093804437158,12253.944621972427,12253.944621972427,12348.3984375,12352.5009765625,11789.2119140625,11793.314453125,13176.48583984375,13178.046020507812
profile_off_01,1,10056,C2,2383,176,176,170,132,38,1159,0,0,348,False,-200.67283046990633,-200.47645535320044,58.02356120198965,58.027119636535645,-258.699950106442,-258.5000165551901,-628.9748351247786,-623.5085442007428,-829.6475830078125,-823.98486328125,-1388.833740234375,-1383.1708984375,-0.0005968751381715265,0.00046580938033002894,4035.4419137898904,4035.4419137898904,3406.46728515625,3411.93359375,2847.28125,2852.74755859375,4235.91845703125,4236.1148681640625
profile_off_01,1,10056,C3,97,0,0,0,0,0,1159,0,0,348,True,0.0,0.0,0.0,0.0,0.0,0.0,-829.6476655946849,-823.9849995539432,-829.6475830078125,-823.98486328125,-1388.833740234375,-1383.1708984375,-0.0005968751381715265,0.00046580938010265527,0.0,0.0,-829.6475830078125,-823.98486328125,-1388.833740234375,-1383.1708984375,0.0,0.0
profile_off_01,1,10056,C1_external,1312,226,226,204,128,76,1159,0,0,348,False,-924.1026307428541,-922.5415978365787,57.3870705655566,57.39098614358281,-981.4936168864369,-979.9286684021354,94.45496514816932,98.5565982826356,-829.6475830078125,-823.98486328125,-1388.833740234375,-1383.1708984375,-0.0005968751382852133,0.0004658093804437158,11533.097214645026,11533.097214645026,11627.5517578125,11631.6533203125,11068.365234375,11072.466796875,12455.63818359375,12457.199340820312
profile_off_01,5,10045,C1,1314,230,230,214,140,74,1121,0,0,256,False,-972.1695570052043,-970.667982180591,43.11060170825567,43.13484981191598,-1015.28015871346,-1013.802831992507,175.87603926399242,179.86566474347046,-796.293701171875,-790.8021240234375,-1459.55224609375,-1454.0606689453125,-0.0006847737934094766,0.000880543607877371,12731.636708179834,12731.636708179834,12907.513671875,12911.501953125,12244.2548828125,12248.2431640625,13702.304077148438,13703.807373046875
profile_off_01,5,10045,C2,2383,157,157,155,121,34,1121,0,0,256,False,-129.06697594374418,-128.9434777572751,80.68572358042002,80.69688899070024,-209.76386493444443,-209.62920133769512,-667.2265417974677,-661.8588396798455,-796.293701171875,-790.8021240234375,-1459.55224609375,-1454.0606689453125,-0.000684773793182103,0.0008805436077636841,4731.151706088112,4731.151706088112,4063.9248046875,4069.292724609375,3400.666259765625,3406.0341796875,4860.0948486328125,4860.218505859375
profile_off_01,5,10045,C3,97,0,0,0,0,0,1121,0,0,256,True,0.0,0.0,0.0,0.0,0.0,0.0,-796.2935177412119,-790.8023174371206,-796.293701171875,-790.8021240234375,-1459.55224609375,-1454.0606689453125,-0.000684773793182103,0.0008805436077636841,0.0,0.0,-796.293701171875,-790.8021240234375,-1459.55224609375,-1454.0606689453125,0.0,0.0
profile_off_01,5,10045,C1_external,1312,229,229,213,139,74,1121,0,0,256,False,-972.1695570052043,-970.667982180591,43.11060170825567,43.13484981191598,-1015.28015871346,-1013.802831992507,175.87603926399242,179.86566474347046,-796.293701171875,-790.8021240234375,-1459.55224609375,-1454.0606689453125,-0.0006847737934094766,0.000880543607877371,12050.30884494376,12050.30884494376,12226.185546875,12230.173828125,11562.9267578125,11566.9150390625,13020.975952148438,13022.479248046875
profile_off_01,5,10056,C1,1314,227,227,205,129,76,1159,0,0,256,False,-918.0043237180992,-916.5392222133281,57.39712919578123,57.40924174815392,-975.4014529138803,-973.948463961482,110.48405583361728,114.33001571848217,-807.5203857421875,-802.2091064453125,-1366.70654296875,-1361.395263671875,-0.0005535743454174735,0.0005120624177834543,12253.944621972427,12253.944621972427,12364.427734375,12368.2744140625,11805.2412109375,11809.087890625,13170.483520507812,13171.948120117188
profile_off_01,5,10056,C2,2383,176,176,170,132,38,1159,0,0,256,False,-199.9257499575615,-199.75497996807098,58.01213479042053,58.01458282023668,-257.9403327777982,-257.7671147584915,-607.5945179269202,-602.4542265267746,-807.5203857421875,-802.2091064453125,-1366.70654296875,-1361.395263671875,-0.000553574345758534,0.0005120624177834543,4035.4419137898904,4035.4419137898904,3427.84716796875,3432.98779296875,2868.6611328125,2873.8017578125,4235.1968994140625,4235.3675537109375
profile_off_01,5,10056,C3,97,0,0,0,0,0,1159,0,0,256,True,0.0,0.0,0.0,0.0,0.0,0.0,-807.5202678844817,-802.2092064948456,-807.5203857421875,-802.2091064453125,-1366.70654296875,-1361.395263671875,-0.000553574345758534,0.0005120624177834543,0.0,0.0,-807.5203857421875,-802.2091064453125,-1366.70654296875,-1361.395263671875,0.0,0.0
profile_off_01,5,10056,C1_external,1312,226,226,204,128,76,1159,0,0,256,False,-918.0043237180992,-916.5392222133281,57.39712919578123,57.40924174815392,-975.4014529138803,-973.948463961482,110.48405583361728,114.33001571848217,-807.5203857421875,-802.2091064453125,-1366.70654296875,-1361.395263671875,-0.0005535743454174735,0.0005120624177834543,11533.097214645026,11533.097214645026,11643.580078125,11647.4267578125,11084.3935546875,11088.240234375,12449.635864257812,12451.100463867188
profile_off_01,10,10045,C1,1314,230,230,214,140,74,1121,0,0,280,False,-964.9015473387012,-963.5174165595068,43.26843150343802,43.311568207691735,-1008.1699788421392,-1006.8289847671986,194.93351250685964,198.4728301621808,-769.96826171875,-765.044677734375,-1433.226806640625,-1428.30322265625,-0.00096365716751734,0.0006403820823379647,12731.636708179834,12731.636708179834,12926.5703125,12930.109375,12263.3115234375,12266.8505859375,13695.154052734375,13696.53857421875
profile_off_01,10,10045,C2,2383,157,157,155,121,34,1121,0,0,280,False,-128.49969519674778,-128.40108151733875,80.63548083603382,80.6448045372963,-209.14449973404408,-209.03656235337257,-641.4683396350938,-636.6435048799872,-769.96826171875,-765.044677734375,-1433.226806640625,-1428.30322265625,-0.0009636571676310268,0.0006403820823379647,4731.151706088112,4731.151706088112,4089.68310546875,4094.5078125,3426.424560546875,3431.249267578125,4859.552490234375,4859.6513671875
profile_off_01,10,10045,C3,97,0,0,0,0,0,1121,0,0,280,True,0.0,0.0,0.0,0.0,0.0,0.0,-769.9680348318416,-765.0445863973259,-769.96826171875,-765.044677734375,-1433.226806640625,-1428.30322265625,-0.0009636571676310268,0.0006403820823379647,0.0,0.0,-769.96826171875,-765.044677734375,-1433.226806640625,-1428.30322265625,0.0,0.0
profile_off_01,10,10045,C1_external,1312,229,229,213,139,74,1121,0,0,280,False,-964.9015473387012,-963.5174165595068,43.26843150343802,43.311568207691735,-1008.1699788421392,-1006.8289847671986,194.93351250685964,198.4728301621808,-769.96826171875,-765.044677734375,-1433.226806640625,-1428.30322265625,-0.00096365716751734,0.0006403820823379647,12050.30884494376,12050.30884494376,12245.2431640625,12248.7822265625,11581.984375,11585.5234375,13013.826904296875,13015.21142578125
profile_off_01,10,10056,C1,1314,227,227,205,129,76,1159,0,0,280,False,-910.903230156096,-909.5475535757039,57.50903742080709,57.54762828618851,-968.4122675769031,-967.0951818618923,129.02910697589823,132.52708863926728,-781.8740234375,-777.020263671875,-1341.06005859375,-1336.206298828125,-0.0004000108361879029,0.0005582297450246188,12253.944621972427,12253.944621972427,12382.9736328125,12386.4716796875,11823.787109375,11827.28515625,13163.491943359375,13164.84765625
profile_off_01,10,10056,C2,2383,176,176,170,132,38,1159,0,0,280,False,-199.13498179242015,-198.99545489624143,58.00377528369427,58.00494406372309,-257.13992585614324,-256.9992301799357,-582.7391413877776,-578.0250100401952,-781.8740234375,-777.020263671875,-1341.06005859375,-1336.206298828125,-0.0004000108365289634,0.0005582297453656793,4035.4419137898904,4035.4419137898904,3452.702880859375,3457.41748046875,2893.516845703125,2898.2314453125,4234.437744140625,4234.576904296875
profile_off_01,10,10056,C3,97,0,0,0,0,0,1159,0,0,280,True,0.0,0.0,0.0,0.0,0.0,0.0,-781.8741231801978,-777.0204649364366,-781.8740234375,-777.020263671875,-1341.06005859375,-1336.206298828125,-0.00040001083630158973,0.0005582297451383056,0.0,0.0,-781.8740234375,-777.020263671875,-1341.06005859375,-1336.206298828125,0.0,0.0
profile_off_01,10,10056,C1_external,1312,226,226,204,128,76,1159,0,0,280,False,-910.903230156096,-909.5475535757039,57.50903742080709,57.54762828618851,-968.4122675769031,-967.0951818618923,129.02910697589823,132.52708863926728,-781.8740234375,-777.020263671875,-1341.06005859375,-1336.206298828125,-0.0004000108361879029,0.0005582297450246188,11533.097214645026,11533.097214645026,11662.1259765625,11665.6240234375,11102.939453125,11106.4375,12442.644287109375,12444.0
profile_off_01,20,10045,C1,1314,230,230,214,140,74,1121,0,0,272,False,-951.9538753531514,-950.7557880023974,43.87288146693132,43.95204378268541,-995.8267568200827,-994.7078317850828,226.08568619281778,228.66834601583105,-725.8677978515625,-722.08740234375,-1389.1263427734375,-1385.345947265625,-0.0007699758433545867,0.0008706850462658622,12731.636708179834,12731.636708179834,12957.72265625,12960.3056640625,12294.4638671875,12297.046875,13682.39306640625,13683.590454101562
profile_off_01,20,10045,C2,2383,157,157,155,121,34,1121,0,0,272,False,-127.72039202600718,-127.66606023162603,80.56053801625967,80.5665729418397,-208.28696496784687,-208.2265982478857,-598.1477971343261,-594.4213817549401,-725.8677978515625,-722.08740234375,-1389.1263427734375,-1385.345947265625,-0.0007699758434682735,0.0008706850462658622,4731.151706088112,4731.151706088112,4133.00390625,4136.73046875,3469.745361328125,3473.471923828125,4858.81787109375,4858.87255859375
profile_off_01,20,10045,C3,97,0,0,0,0,0,1121,0,0,272,True,0.0,0.0,0.0,0.0,0.0,0.0,-725.8681891603333,-722.0874419865661,-725.8677978515625,-722.08740234375,-1389.1263427734375,-1385.345947265625,-0.0007699758434682735,0.0008706850462658622,0.0,0.0,-725.8677978515625,-722.08740234375,-1389.1263427734375,-1385.345947265625,0.0,0.0
profile_off_01,20,10045,C1_external,1312,229,229,213,139,74,1121,0,0,272,False,-951.9538753531514,-950.7557880023974,43.87288146693132,43.95204378268541,-995.8267568200827,-994.7078317850828,226.08568619281778,228.66834601583105,-725.8677978515625,-722.08740234375,-1389.1263427734375,-1385.345947265625,-0.0007699758433545867,0.0008706850462658622,12050.30884494376,12050.30884494376,12276.39453125,12278.9775390625,11613.1357421875,11615.71875,13001.06494140625,13002.262329101562
profile_off_01,20,10056,C1,1314,227,227,205,129,76,1159,0,0,272,False,-898.1647492477125,-896.9787369649614,58.13988085673986,58.22999027373835,-956.3046301044524,-955.2087272386998,160.5790636761676,163.28695848698362,-737.585205078125,-733.6920166015625,-1296.771240234375,-1292.878173828125,-0.000629445099775694,0.0005274801204677715,12253.944621972427,12253.944621972427,12414.5234375,12417.23046875,11855.3369140625,11858.0439453125,13150.922485351562,13152.108642578125
profile_off_01,20,10056,C2,2383,176,176,170,132,38,1159,0,0,272,False,-197.9988079946488,-197.914795903489,58.003647051751614,58.004735462367535,-256.00245658122003,-255.91953136585653,-539.5868775768963,-535.7769825744888,-737.585205078125,-733.6920166015625,-1296.771240234375,-1292.878173828125,-0.000629445099775694,0.0005274801205814583,4035.4419137898904,4035.4419137898904,3495.85546875,3499.664794921875,2936.66943359375,2940.478759765625,4233.3568115234375,4233.440856933594
profile_off_01,20,10056,C3,97,0,0,0,0,0,1159,0,0,272,True,0.0,0.0,0.0,0.0,0.0,0.0,-737.5856855715451,-733.6917784779778,-737.585205078125,-733.6920166015625,-1296.771240234375,-1292.878173828125,-0.000629445099775694,0.0005274801205814583,0.0,0.0,-737.585205078125,-733.6920166015625,-1296.771240234375,-1292.878173828125,0.0,0.0
profile_off_01,20,10056,C1_external,1312,226,226,204,128,76,1159,0,0,272,False,-898.1647492477125,-896.9787369649614,58.13988085673986,58.22999027373835,-956.3046301044524,-955.2087272386998,160.5790636761676,163.28695848698362,-737.585205078125,-733.6920166015625,-1296.771240234375,-1292.878173828125,-0.000629445099775694,0.0005274801204677715,11533.097214645026,11533.097214645026,11693.67578125,11696.3837890625,11134.4892578125,11137.197265625,12430.075805664062,12431.261108398438
profile_off_01,50,10045,C1,1314,230,230,214,140,74,1121,0,0,292,False,-923.9226590510682,-923.4296809228642,45.94942422544205,45.9684806672351,-969.8720832765102,-969.3981615900993,254.46362601077317,255.2575948059266,-668.9661865234375,-668.6649169921875,-1332.2247314453125,-1331.9234619140625,-0.0009652168264437933,0.000952096450987483,12731.636708179834,12731.636708179834,12986.1005859375,12986.89453125,12322.841796875,12323.6357421875,13655.066772460938,13655.559448242188
profile_off_01,50,10045,C2,2383,157,157,155,121,34,1121,0,0,292,False,-127.40343198925257,-127.37862181663513,80.53710195422173,80.53950823098421,-207.94294022023678,-207.91572377085686,-541.5626229228385,-541.2864424285065,-668.9661865234375,-668.6649169921875,-1332.2247314453125,-1331.9234619140625,-0.0009652168264437933,0.0009520964508737961,4731.151706088112,4731.151706088112,4189.5888671875,4189.865234375,3526.330322265625,3526.606689453125,4858.5301513671875,4858.5550537109375
profile_off_01,50,10045,C3,97,0,0,0,0,0,1121,0,0,292,True,0.0,0.0,0.0,0.0,0.0,0.0,-668.9660549120911,-668.6650642451416,-668.9661865234375,-668.6649169921875,-1332.2247314453125,-1331.9234619140625,-0.0009652168264437933,0.0009520964508737961,0.0,0.0,-668.9661865234375,-668.6649169921875,-1332.2247314453125,-1331.9234619140625,0.0,0.0
profile_off_01,50,10045,C1_external,1312,229,229,213,139,74,1121,0,0,292,False,-923.9226590510682,-923.4296809228642,45.94942422544205,45.9684806672351,-969.8720832765102,-969.3981615900993,254.46362601077317,255.2575948059266,-668.9661865234375,-668.6649169921875,-1332.2247314453125,-1331.9234619140625,-0.0009652168264437933,0.000952096450987483,12050.30884494376,12050.30884494376,12304.7734375,12305.56640625,11641.5146484375,11642.3076171875,12973.739624023438,12974.231323242188
profile_off_01,50,10056,C1,1314,227,227,205,129,76,1159,0,0,292,False,-870.0945342088804,-869.5841709804481,60.817612044630884,60.860780876060744,-930.9121462535113,-930.4449518565089,193.74762841185748,194.45098991704845,-675.8367919921875,-675.6439819335938,-1235.02294921875,-1234.830078125,-0.0005987204134498825,0.0005168430935782453,12253.944621972427,12253.944621972427,12447.69140625,12448.396484375,11888.5048828125,11889.2099609375,13123.528198242188,13124.040466308594
profile_off_01,50,10056,C2,2383,176,176,170,132,38,1159,0,0,292,False,-197.16831223247573,-197.14947894355282,58.12359807640314,58.129325583577156,-255.29763781605288,-255.27307701995596,-478.6682303361149,-478.49406534827904,-675.8367919921875,-675.6439819335938,-1235.02294921875,-1234.830078125,-0.0005987204133361956,0.0005168430936919322,4035.4419137898904,4035.4419137898904,3556.7734375,3556.94775390625,2997.58740234375,2997.76171875,4232.59130859375,4232.6102294921875
profile_off_01,50,10056,C3,97,0,0,0,0,0,1159,0,0,292,True,0.0,0.0,0.0,0.0,0.0,0.0,-675.8365425685906,-675.6435442918319,-675.8367919921875,-675.6439819335938,-1235.02294921875,-1234.830078125,-0.0005987204133361956,0.0005168430936919322,0.0,0.0,-675.8367919921875,-675.6439819335938,-1235.02294921875,-1234.830078125,0.0,0.0
profile_off_01,50,10056,C1_external,1312,226,226,204,128,76,1159,0,0,292,False,-870.0945342088804,-869.5841709804481,60.817612044630884,60.860780876060744,-930.9121462535113,-930.4449518565089,193.74762841185748,194.45098991704845,-675.8367919921875,-675.6439819335938,-1235.02294921875,-1234.830078125,-0.0005987204134498825,0.0005168430935782453,11533.097214645026,11533.097214645026,11726.8447265625,11727.548828125,11167.658203125,11168.3623046875,12402.681518554688,12403.192810058594
