window_ms,target,group,absolute_ns,profile_minus_sham_observed_group_product_sum64,profile_minus_sham_consumer_margin32,profile_minus_sham_upper_margin32
1,10045,C1,47486000000,2.597340785833694,6.9490966796875,4.353515625
1,10045,C1,47486125000,2.600937411351879,6.930908203125,4.3291015625
1,10045,C1,47486250000,2.604584483685244,6.9114990234375,4.3095703125
1,10045,C1,47486375000,2.6081551061713526,6.892333984375,4.2841796875
1,10045,C1,47486500000,2.6117952058864375,6.87353515625,4.2607421875
1,10045,C1,47486625000,2.615337230446812,6.854248046875,4.23828125
1,10045,C1,47486750000,2.6189331996374676,6.8343505859375,4.216796875
1,10045,C1,47486875000,2.622669387225187,6.815673828125,4.193359375
1,10045,C2,47486000000,-0.053571317344903946,6.9490966796875,7.003173828125
1,10045,C2,47486125000,-0.05346670746803284,6.930908203125,6.984375
1,10045,C2,47486250000,-0.05334675684571266,6.9114990234375,6.9658203125
1,10045,C2,47486375000,-0.053248170763254166,6.892333984375,6.94580078125
1,10045,C2,47486500000,-0.053138040006160736,6.87353515625,6.926025390625
1,10045,C2,47486625000,-0.053037941455841064,6.854248046875,6.906982421875
1,10045,C2,47486750000,-0.05291546508669853,6.8343505859375,6.887939453125
1,10045,C2,47486875000,-0.0527973510324955,6.815673828125,6.868896484375
1,10045,C3,47486000000,0.0,6.9490966796875,6.9490966796875
1,10045,C3,47486125000,0.0,6.930908203125,6.930908203125
1,10045,C3,47486250000,0.0,6.9114990234375,6.9114990234375
1,10045,C3,47486375000,0.0,6.892333984375,6.892333984375
1,10045,C3,47486500000,0.0,6.87353515625,6.87353515625
1,10045,C3,47486625000,0.0,6.854248046875,6.854248046875
1,10045,C3,47486750000,0.0,6.8343505859375,6.8343505859375
1,10045,C3,47486875000,0.0,6.815673828125,6.815673828125
1,10045,C1_external,47486000000,2.597340785833694,6.9490966796875,4.353515625
1,10045,C1_external,47486125000,2.600937411351879,6.930908203125,4.3291015625
1,10045,C1_external,47486250000,2.604584483685244,6.9114990234375,4.30859375
1,10045,C1_external,47486375000,2.6081551061713526,6.892333984375,4.2841796875
1,10045,C1_external,47486500000,2.6117952058864375,6.87353515625,4.26171875
1,10045,C1_external,47486625000,2.615337230446812,6.854248046875,4.23828125
1,10045,C1_external,47486750000,2.6189331996374676,6.8343505859375,4.216796875
1,10045,C1_external,47486875000,2.622669387225187,6.815673828125,4.193359375
1,10056,C1,47486000000,2.8933847925494547,10.63427734375,7.740234375
1,10056,C1,47486125000,2.8970874181273985,10.613525390625,7.716796875
1,10056,C1,47486250000,2.9008362424040115,10.5941162109375,7.6923828125
1,10056,C1,47486375000,2.904519395844204,10.57373046875,7.669921875
1,10056,C1,47486500000,2.908351588115238,10.5535888671875,7.6455078125
1,10056,C1,47486625000,2.911965570088114,10.5340576171875,7.623046875
1,10056,C1,47486750000,2.9157582996164138,10.513916015625,7.5986328125
1,10056,C1,47486875000,2.919637406031825,10.494140625,7.5751953125
1,10056,C2,47486000000,0.019295431673526764,10.63427734375,10.61474609375
1,10056,C2,47486125000,0.019407100975513458,10.613525390625,10.594482421875
1,10056,C2,47486250000,0.019529029726982117,10.5941162109375,10.57421875
1,10056,C2,47486375000,0.019622012972831726,10.57373046875,10.55419921875
1,10056,C2,47486500000,0.019741281867027283,10.5535888671875,10.533935546875
1,10056,C2,47486625000,0.019842632114887238,10.5340576171875,10.513916015625
1,10056,C2,47486750000,0.019975699484348297,10.513916015625,10.494140625
1,10056,C2,47486875000,0.02008908987045288,10.494140625,10.47412109375
1,10056,C3,47486000000,0.0,10.63427734375,10.63427734375
1,10056,C3,47486125000,0.0,10.613525390625,10.613525390625
1,10056,C3,47486250000,0.0,10.5941162109375,10.5941162109375
1,10056,C3,47486375000,0.0,10.57373046875,10.57373046875
1,10056,C3,47486500000,0.0,10.5535888671875,10.5535888671875
1,10056,C3,47486625000,0.0,10.5340576171875,10.5340576171875
1,10056,C3,47486750000,0.0,10.513916015625,10.513916015625
1,10056,C3,47486875000,0.0,10.494140625,10.494140625
1,10056,C1_external,47486000000,2.8933847925494547,10.63427734375,7.740234375
1,10056,C1_external,47486125000,2.8970874181273985,10.613525390625,7.716796875
1,10056,C1_external,47486250000,2.9008362424040115,10.5941162109375,7.6923828125
1,10056,C1_external,47486375000,2.904519395844204,10.57373046875,7.669921875
1,10056,C1_external,47486500000,2.908351588115238,10.5535888671875,7.6455078125
1,10056,C1_external,47486625000,2.911965570088114,10.5340576171875,7.623046875
1,10056,C1_external,47486750000,2.9157582996164138,10.513916015625,7.5986328125
1,10056,C1_external,47486875000,2.919637406031825,10.494140625,7.57421875
5,10045,C1,47490000000,2.710365665012546,6.3480224609375,3.6376953125
5,10045,C1,47490125000,2.7137045328429394,6.3299560546875,3.6162109375
5,10045,C1,47490250000,2.717084245960905,6.3115234375,3.5947265625
5,10045,C1,47490375000,2.720369934729092,6.2939453125,3.57421875
5,10045,C1,47490500000,2.7236495026568264,6.2752685546875,3.5517578125
5,10045,C1,47490625000,2.7268451703494065,6.257080078125,3.53125
5,10045,C1,47490750000,2.7299978189319063,6.2392578125,3.509765625
5,10045,C1,47490875000,2.7332007698056486,6.220703125,3.486328125
5,10045,C2,47490000000,-0.050063855946063995,6.3480224609375,6.39794921875
5,10045,C2,47490125000,-0.04997021704912186,6.3299560546875,6.379638671875
5,10045,C2,47490250000,-0.04983815550804138,6.3115234375,6.361328125
5,10045,C2,47490375000,-0.049723461270332336,6.2939453125,6.34375
5,10045,C2,47490500000,-0.04961960017681122,6.2752685546875,6.3251953125
5,10045,C2,47490625000,-0.04952703416347504,6.257080078125,6.30615234375
5,10045,C2,47490750000,-0.049398429691791534,6.2392578125,6.2890625
5,10045,C2,47490875000,-0.049275122582912445,6.220703125,6.2705078125
5,10045,C3,47490000000,0.0,6.3480224609375,6.3480224609375
5,10045,C3,47490125000,0.0,6.3299560546875,6.3299560546875
5,10045,C3,47490250000,0.0,6.3115234375,6.3115234375
5,10045,C3,47490375000,0.0,6.2939453125,6.2939453125
5,10045,C3,47490500000,0.0,6.2752685546875,6.2752685546875
5,10045,C3,47490625000,0.0,6.257080078125,6.257080078125
5,10045,C3,47490750000,0.0,6.2392578125,6.2392578125
5,10045,C3,47490875000,0.0,6.220703125,6.220703125
5,10045,C1_external,47490000000,2.710365665012546,6.3480224609375,3.6376953125
5,10045,C1_external,47490125000,2.7137045328429394,6.3299560546875,3.615234375
5,10045,C1_external,47490250000,2.717084245960905,6.3115234375,3.595703125
5,10045,C1_external,47490375000,2.720369934729092,6.2939453125,3.5751953125
5,10045,C1_external,47490500000,2.7236495026568264,6.2752685546875,3.552734375
5,10045,C1_external,47490625000,2.7268451703494065,6.257080078125,3.53125
5,10045,C1_external,47490750000,2.7299978189319063,6.2392578125,3.509765625
5,10045,C1_external,47490875000,2.7332007698056486,6.220703125,3.4873046875
5,10056,C1,47490000000,3.012484828360698,10.00341796875,6.990234375
5,10056,C1,47490125000,3.0159985314305686,9.985107421875,6.9697265625
5,10056,C1,47490250000,3.0195602171480687,9.96533203125,6.9453125
5,10056,C1,47490375000,3.0232120485816267,9.946044921875,6.923828125
5,10056,C1,47490500000,3.0267463052610992,9.926513671875,6.900390625
5,10056,C1,47490625000,3.030173294073961,9.90771484375,6.876953125
5,10056,C1,47490750000,3.0335320383753697,9.888427734375,6.8544921875
5,10056,C1,47490875000,3.037034378285284,9.87060546875,6.8330078125
5,10056,C2,47490000000,0.022763818502426147,10.00341796875,9.98046875
5,10056,C2,47490125000,0.022866688668727875,9.985107421875,9.9619140625
5,10056,C2,47490250000,0.023000016808509827,9.96533203125,9.942626953125
5,10056,C2,47490375000,0.023100823163986206,9.946044921875,9.923095703125
5,10056,C2,47490500000,0.02320704609155655,9.926513671875,9.90380859375
5,10056,C2,47490625000,0.023289687931537628,9.90771484375,9.88427734375
5,10056,C2,47490750000,0.023420706391334534,9.888427734375,9.865478515625
5,10056,C2,47490875000,0.0235244482755661,9.87060546875,9.846923828125
5,10056,C3,47490000000,0.0,10.00341796875,10.00341796875
5,10056,C3,47490125000,0.0,9.985107421875,9.985107421875
5,10056,C3,47490250000,0.0,9.96533203125,9.96533203125
5,10056,C3,47490375000,0.0,9.946044921875,9.946044921875
5,10056,C3,47490500000,0.0,9.926513671875,9.926513671875
5,10056,C3,47490625000,0.0,9.90771484375,9.90771484375
5,10056,C3,47490750000,0.0,9.888427734375,9.888427734375
5,10056,C3,47490875000,0.0,9.87060546875,9.87060546875
5,10056,C1_external,47490000000,3.012484828360698,10.00341796875,6.990234375
5,10056,C1_external,47490125000,3.0159985314305686,9.985107421875,6.96875
5,10056,C1_external,47490250000,3.0195602171480687,9.96533203125,6.9453125
5,10056,C1_external,47490375000,3.0232120485816267,9.946044921875,6.9228515625
5,10056,C1_external,47490500000,3.0267463052610992,9.926513671875,6.900390625
5,10056,C1_external,47490625000,3.030173294073961,9.90771484375,6.876953125
5,10056,C1_external,47490750000,3.0335320383753697,9.888427734375,6.8544921875
5,10056,C1_external,47490875000,3.037034378285284,9.87060546875,6.8330078125
10,10045,C1,47495000000,2.821360378930649,5.6453857421875,2.82421875
10,10045,C1,47495125000,2.823555971654173,5.629638671875,2.8046875
10,10045,C1,47495250000,2.8256263762619938,5.61279296875,2.7880859375
10,10045,C1,47495375000,2.827442846383633,5.5963134765625,2.7685546875
10,10045,C1,47495500000,2.829508903288229,5.579833984375,2.7509765625
10,10045,C1,47495625000,2.8314130922209415,5.56298828125,2.7314453125
10,10045,C1,47495750000,2.8332219486736676,5.546630859375,2.712890625
10,10045,C1,47495875000,2.835162160318987,5.529541015625,2.693359375
10,10045,C2,47495000000,-0.045570582151412964,5.6453857421875,5.69091796875
10,10045,C2,47495125000,-0.04545167088508606,5.629638671875,5.67529296875
10,10045,C2,47495250000,-0.04534284770488739,5.61279296875,5.657958984375
10,10045,C2,47495375000,-0.045211829245090485,5.5963134765625,5.640869140625
10,10045,C2,47495500000,-0.045124173164367676,5.579833984375,5.62451171875
10,10045,C2,47495625000,-0.04498501867055893,5.56298828125,5.607666015625
10,10045,C2,47495750000,-0.04490305483341217,5.546630859375,5.59130859375
10,10045,C2,47495875000,-0.04478169232606888,5.529541015625,5.574462890625
10,10045,C3,47495000000,0.0,5.6453857421875,5.6453857421875
10,10045,C3,47495125000,0.0,5.629638671875,5.629638671875
10,10045,C3,47495250000,0.0,5.61279296875,5.61279296875
10,10045,C3,47495375000,0.0,5.5963134765625,5.5963134765625
10,10045,C3,47495500000,0.0,5.579833984375,5.579833984375
10,10045,C3,47495625000,0.0,5.56298828125,5.56298828125
10,10045,C3,47495750000,0.0,5.546630859375,5.546630859375
10,10045,C3,47495875000,0.0,5.529541015625,5.529541015625
10,10045,C1_external,47495000000,2.821360378930649,5.6453857421875,2.8251953125
10,10045,C1_external,47495125000,2.823555971654173,5.629638671875,2.8046875
10,10045,C1_external,47495250000,2.8256263762619938,5.61279296875,2.7880859375
10,10045,C1_external,47495375000,2.827442846383633,5.5963134765625,2.767578125
10,10045,C1_external,47495500000,2.829508903288229,5.579833984375,2.751953125
10,10045,C1_external,47495625000,2.8314130922209415,5.56298828125,2.7314453125
10,10045,C1_external,47495750000,2.8332219486736676,5.546630859375,2.712890625
10,10045,C1_external,47495875000,2.835162160318987,5.529541015625,2.693359375
10,10056,C1,47495000000,3.1338492000749056,9.2550048828125,6.1201171875
10,10056,C1,47495125000,3.1363676101875626,9.23779296875,6.1025390625
10,10056,C1,47495250000,3.1386327795852367,9.21923828125,6.080078125
10,10056,C1,47495375000,3.140755539408133,9.200439453125,6.060546875
10,10056,C1,47495500000,3.1430237699556756,9.1829833984375,6.0400390625
10,10056,C1,47495625000,3.1451898498645505,9.1654052734375,6.0205078125
10,10056,C1,47495750000,3.1473116996353383,9.1473388671875,6.0
10,10056,C1,47495875000,3.1494138932845317,9.1290283203125,5.982421875
10,10056,C2,47495000000,0.026972219347953796,9.2550048828125,9.2275390625
10,10056,C2,47495125000,0.02709215134382248,9.23779296875,9.21044921875
10,10056,C2,47495250000,0.027168523520231247,9.21923828125,9.1923828125
10,10056,C2,47495375000,0.027287326753139496,9.200439453125,9.173828125
10,10056,C2,47495500000,0.027371440082788467,9.1829833984375,9.155517578125
10,10056,C2,47495625000,0.02750559151172638,9.1654052734375,9.137451171875
10,10056,C2,47495750000,0.02757156267762184,9.1473388671875,9.1201171875
10,10056,C2,47495875000,0.02767491713166237,9.1290283203125,9.101806640625
10,10056,C3,47495000000,0.0,9.2550048828125,9.2550048828125
10,10056,C3,47495125000,0.0,9.23779296875,9.23779296875
10,10056,C3,47495250000,0.0,9.21923828125,9.21923828125
10,10056,C3,47495375000,0.0,9.200439453125,9.200439453125
10,10056,C3,47495500000,0.0,9.1829833984375,9.1829833984375
10,10056,C3,47495625000,0.0,9.1654052734375,9.1654052734375
10,10056,C3,47495750000,0.0,9.1473388671875,9.1473388671875
10,10056,C3,47495875000,0.0,9.1290283203125,9.1290283203125
10,10056,C1_external,47495000000,3.1338492000749056,9.2550048828125,6.1201171875
10,10056,C1_external,47495125000,3.1363676101875626,9.23779296875,6.1015625
10,10056,C1_external,47495250000,3.1386327795852367,9.21923828125,6.080078125
10,10056,C1_external,47495375000,3.140755539408133,9.200439453125,6.060546875
10,10056,C1_external,47495500000,3.1430237699556756,9.1829833984375,6.0400390625
10,10056,C1_external,47495625000,3.1451898498645505,9.1654052734375,6.0205078125
10,10056,C1_external,47495750000,3.1473116996353383,9.1473388671875,5.9990234375
10,10056,C1_external,47495875000,3.1494138932845317,9.1290283203125,5.9814453125
20,10045,C1,47505000000,2.8588612382141037,4.4854736328125,1.625
20,10045,C1,47505125000,2.8577924938978185,4.4737548828125,1.6162109375
20,10045,C1,47505250000,2.8567510291707094,4.463134765625,1.607421875
20,10045,C1,47505375000,2.8556951503287564,4.4508056640625,1.5947265625
20,10045,C1,47505500000,2.854560450413601,4.439697265625,1.5849609375
20,10045,C1,47505625000,2.8535539660712175,4.427490234375,1.5751953125
20,10045,C1,47505750000,2.8523573367431254,4.417724609375,1.5654296875
20,10045,C1,47505875000,2.851241863869518,4.406005859375,1.5556640625
20,10045,C2,47505000000,-0.03650471568107605,4.4854736328125,4.5224609375
20,10045,C2,47505125000,-0.03640059381723404,4.4737548828125,4.509765625
20,10045,C2,47505250000,-0.03629320114850998,4.463134765625,4.4990234375
20,10045,C2,47505375000,-0.03616126626729965,4.4508056640625,4.48681640625
20,10045,C2,47505500000,-0.03605405241250992,4.439697265625,4.4755859375
20,10045,C2,47505625000,-0.035930804908275604,4.427490234375,4.4638671875
20,10045,C2,47505750000,-0.03580871969461441,4.417724609375,4.4541015625
20,10045,C2,47505875000,-0.03570683300495148,4.406005859375,4.44140625
20,10045,C3,47505000000,0.0,4.4854736328125,4.4854736328125
20,10045,C3,47505125000,0.0,4.4737548828125,4.4737548828125
20,10045,C3,47505250000,0.0,4.463134765625,4.463134765625
20,10045,C3,47505375000,0.0,4.4508056640625,4.4508056640625
20,10045,C3,47505500000,0.0,4.439697265625,4.439697265625
20,10045,C3,47505625000,0.0,4.427490234375,4.427490234375
20,10045,C3,47505750000,0.0,4.417724609375,4.417724609375
20,10045,C3,47505875000,0.0,4.406005859375,4.406005859375
20,10045,C1_external,47505000000,2.8588612382141037,4.4854736328125,1.625
20,10045,C1_external,47505125000,2.8577924938978185,4.4737548828125,1.6162109375
20,10045,C1_external,47505250000,2.8567510291707094,4.463134765625,1.6064453125
20,10045,C1_external,47505375000,2.8556951503287564,4.4508056640625,1.5947265625
20,10045,C1_external,47505500000,2.854560450413601,4.439697265625,1.5859375
20,10045,C1_external,47505625000,2.8535539660712175,4.427490234375,1.5751953125
20,10045,C1_external,47505750000,2.8523573367431254,4.417724609375,1.5654296875
20,10045,C1_external,47505875000,2.851241863869518,4.406005859375,1.5556640625
20,10056,C1,47505000000,3.1896648572464983,7.98974609375,4.798828125
20,10056,C1,47505125000,3.1887422074755705,7.97705078125,4.7880859375
20,10056,C1,47505250000,3.1879354196091754,7.9639892578125,4.7763671875
20,10056,C1,47505375000,3.1871479872952477,7.951171875,4.763671875
20,10056,C1,47505500000,3.1862223479835166,7.9398193359375,4.75390625
20,10056,C1,47505625000,3.185507270919288,7.927490234375,4.7412109375
20,10056,C1,47505750000,3.184470443725445,7.915283203125,4.73046875
20,10056,C1,47505875000,3.1835724767780675,7.903564453125,4.7197265625
20,10056,C2,47505000000,0.034883249551057816,7.98974609375,7.95458984375
20,10056,C2,47505125000,0.034965233877301216,7.97705078125,7.94189453125
20,10056,C2,47505250000,0.03506867028772831,7.9639892578125,7.9287109375
20,10056,C2,47505375000,0.035168303176760674,7.951171875,7.91552734375
20,10056,C2,47505500000,0.035245608538389206,7.9398193359375,7.904541015625
20,10056,C2,47505625000,0.03536120802164078,7.927490234375,7.891845703125
20,10056,C2,47505750000,0.035451868548989296,7.915283203125,7.88037109375
20,10056,C2,47505875000,0.03553064726293087,7.903564453125,7.867919921875
20,10056,C3,47505000000,0.0,7.98974609375,7.98974609375
20,10056,C3,47505125000,0.0,7.97705078125,7.97705078125
20,10056,C3,47505250000,0.0,7.9639892578125,7.9639892578125
20,10056,C3,47505375000,0.0,7.951171875,7.951171875
20,10056,C3,47505500000,0.0,7.9398193359375,7.9398193359375
20,10056,C3,47505625000,0.0,7.927490234375,7.927490234375
20,10056,C3,47505750000,0.0,7.915283203125,7.915283203125
20,10056,C3,47505875000,0.0,7.903564453125,7.903564453125
20,10056,C1_external,47505000000,3.1896648572464983,7.98974609375,4.798828125
20,10056,C1_external,47505125000,3.1887422074755705,7.97705078125,4.787109375
20,10056,C1_external,47505250000,3.1879354196091754,7.9639892578125,4.775390625
20,10056,C1_external,47505375000,3.1871479872952477,7.951171875,4.763671875
20,10056,C1_external,47505500000,3.1862223479835166,7.9398193359375,4.75390625
20,10056,C1_external,47505625000,3.185507270919288,7.927490234375,4.7421875
20,10056,C1_external,47505750000,3.184470443725445,7.915283203125,4.73046875
20,10056,C1_external,47505875000,3.1835724767780675,7.903564453125,4.7197265625
50,10045,C1,47535000000,2.292919676089241,3.5653076171875,1.2734375
50,10045,C1,47535125000,2.291322349677557,3.566162109375,1.275390625
50,10045,C1,47535250000,2.289735567409366,3.5667724609375,1.27734375
50,10045,C1,47535375000,2.2881843012442005,3.567138671875,1.279296875
50,10045,C1,47535500000,2.286622831043587,3.567626953125,1.283203125
50,10045,C1,47535625000,2.28510385214463,3.5679931640625,1.2822265625
50,10045,C1,47535750000,2.283600849619006,3.5693359375,1.28515625
50,10045,C1,47535875000,2.2820695497886163,3.5693359375,1.287109375
50,10045,C2,47535000000,-0.018315918743610382,3.5653076171875,3.58349609375
50,10045,C2,47535125000,-0.01831502467393875,3.566162109375,3.583984375
50,10045,C2,47535250000,-0.018311649560928345,3.5667724609375,3.5849609375
50,10045,C2,47535375000,-0.01833982765674591,3.567138671875,3.58642578125
50,10045,C2,47535500000,-0.018348120152950287,3.567626953125,3.58642578125
50,10045,C2,47535625000,-0.018334373831748962,3.5679931640625,3.58642578125
50,10045,C2,47535750000,-0.018351122736930847,3.5693359375,3.5869140625
50,10045,C2,47535875000,-0.01837509125471115,3.5693359375,3.58837890625
50,10045,C3,47535000000,0.0,3.5653076171875,3.5653076171875
50,10045,C3,47535125000,0.0,3.566162109375,3.566162109375
50,10045,C3,47535250000,0.0,3.5667724609375,3.5667724609375
50,10045,C3,47535375000,0.0,3.567138671875,3.567138671875
50,10045,C3,47535500000,0.0,3.567626953125,3.567626953125
50,10045,C3,47535625000,0.0,3.5679931640625,3.5679931640625
50,10045,C3,47535750000,0.0,3.5693359375,3.5693359375
50,10045,C3,47535875000,0.0,3.5693359375,3.5693359375
50,10045,C1_external,47535000000,2.292919676089241,3.5653076171875,1.2734375
50,10045,C1_external,47535125000,2.291322349677557,3.566162109375,1.275390625
50,10045,C1_external,47535250000,2.289735567409366,3.5667724609375,1.27734375
50,10045,C1_external,47535375000,2.2881843012442005,3.567138671875,1.279296875
50,10045,C1_external,47535500000,2.286622831043587,3.567626953125,1.2822265625
50,10045,C1_external,47535625000,2.28510385214463,3.5679931640625,1.283203125
50,10045,C1_external,47535750000,2.283600849619006,3.5693359375,1.2841796875
50,10045,C1_external,47535875000,2.2820695497886163,3.5693359375,1.287109375
50,10056,C1,47535000000,2.6992060655013574,7.237548828125,4.5400390625
50,10056,C1,47535125000,2.6979775352532442,7.23974609375,4.54296875
50,10056,C1,47535250000,2.696766081603414,7.2410888671875,4.54296875
50,10056,C1,47535375000,2.6956435170018267,7.2435302734375,4.5478515625
50,10056,C1,47535500000,2.69434660952561,7.245849609375,4.5517578125
50,10056,C1,47535625000,2.693190113317769,7.247802734375,4.5546875
50,10056,C1,47535750000,2.6921215936222325,7.2498779296875,4.5576171875
50,10056,C1,47535875000,2.6908982500017373,7.251220703125,4.5615234375
50,10056,C2,47535000000,0.04602167243137956,7.237548828125,7.19189453125
50,10056,C2,47535125000,0.04597779642790556,7.23974609375,7.193359375
50,10056,C2,47535250000,0.0459602614864707,7.2410888671875,7.195068359375
50,10056,C2,47535375000,0.045915670692920685,7.2435302734375,7.1982421875
50,10056,C2,47535500000,0.045917016454041004,7.245849609375,7.199462890625
50,10056,C2,47535625000,0.04590375954285264,7.247802734375,7.201416015625
50,10056,C2,47535750000,0.04585553426295519,7.2498779296875,7.20361328125
50,10056,C2,47535875000,0.04583822377026081,7.251220703125,7.20556640625
50,10056,C3,47535000000,0.0,7.237548828125,7.237548828125
50,10056,C3,47535125000,0.0,7.23974609375,7.23974609375
50,10056,C3,47535250000,0.0,7.2410888671875,7.2410888671875
50,10056,C3,47535375000,0.0,7.2435302734375,7.2435302734375
50,10056,C3,47535500000,0.0,7.245849609375,7.245849609375
50,10056,C3,47535625000,0.0,7.247802734375,7.247802734375
50,10056,C3,47535750000,0.0,7.2498779296875,7.2498779296875
50,10056,C3,47535875000,0.0,7.251220703125,7.251220703125
50,10056,C1_external,47535000000,2.6992060655013574,7.237548828125,4.5390625
50,10056,C1_external,47535125000,2.6979775352532442,7.23974609375,4.54296875
50,10056,C1_external,47535250000,2.696766081603414,7.2410888671875,4.5439453125
50,10056,C1_external,47535375000,2.6956435170018267,7.2435302734375,4.548828125
50,10056,C1_external,47535500000,2.69434660952561,7.245849609375,4.5517578125
50,10056,C1_external,47535625000,2.693190113317769,7.247802734375,4.5537109375
50,10056,C1_external,47535750000,2.6921215936222325,7.2498779296875,4.55859375
50,10056,C1_external,47535875000,2.6908982500017373,7.251220703125,4.5615234375
