PN_id,PN_type,DN_id,synapses,NT,anatomical_edge_in_runtime,coefficient_nonzero,effective_weight,weight_per_synapse,expected_model_sign,model_sign_consistent,route
17800,None,10045,1,acetylcholine,True,True,0.029999999329447746,0.029999999329447746,1,True,legacy_generic_ALPN
10049,VA7m_lPN,10118,1,acetylcholine,True,True,0.029999999329447746,0.029999999329447746,1,True,legacy_generic_ALPN
10134,VL2a_adPN,10118,145,acetylcholine,True,True,4.349999904632568,0.029999999342293575,1,True,legacy_generic_ALPN
10321,VL2p_adPN,10118,3,acetylcholine,True,True,0.08999999612569809,0.02999999870856603,1,True,legacy_generic_ALPN
10359,DL1_adPN,10118,1,acetylcholine,True,True,0.029999999329447746,0.029999999329447746,1,True,legacy_generic_ALPN
10429,VM6_adPN,10118,3,acetylcholine,True,True,0.08999999612569809,0.02999999870856603,1,True,legacy_generic_ALPN
10472,MZ_lv2PN,10118,2,gaba,True,True,-0.05999999865889549,-0.029999999329447746,-1,True,legacy_generic_ALPN
10524,DP1l_adPN,10118,1,acetylcholine,True,True,0.029999999329447746,0.029999999329447746,1,True,legacy_generic_ALPN
10561,VA2_adPN,10118,83,acetylcholine,True,True,2.490000009536743,0.03000000011490052,1,True,legacy_generic_ALPN
10567,M_l2PNl20,10118,2,acetylcholine,True,True,0.05999999865889549,0.029999999329447746,1,True,legacy_generic_ALPN
10653,VA5_lPN,10118,24,acetylcholine,True,True,0.7199999690055847,0.02999999870856603,1,True,legacy_generic_ALPN
10702,M_l2PNl20,10118,24,acetylcholine,True,True,0.7199999690055847,0.02999999870856603,1,True,legacy_generic_ALPN
10716,DC3_adPN,10118,42,acetylcholine,True,True,1.2599999904632568,0.029999999772934688,1,True,legacy_generic_ALPN
10736,VP2_adPN,10118,36,acetylcholine,True,True,1.0799999237060547,0.02999999788072374,1,True,legacy_generic_ALPN
10808,VC1_lPN,10118,48,acetylcholine,True,True,1.4399999380111694,0.02999999870856603,1,True,legacy_generic_ALPN
10877,VA6_adPN,10118,55,acetylcholine,True,True,1.649999976158142,0.029999999566511674,1,True,legacy_generic_ALPN
11050,VP1d+VP4_l2PN1,10118,1,acetylcholine,True,True,0.029999999329447746,0.029999999329447746,1,True,legacy_generic_ALPN
11105,VC2_lPN,10118,13,acetylcholine,True,True,0.38999998569488525,0.02999999889960656,1,True,legacy_generic_ALPN
11283,VA1v_adPN,10118,46,acetylcholine,True,True,1.3799999952316284,0.02999999989633975,1,True,legacy_generic_ALPN
11409,VP4+VL1_l2PN,10118,1,acetylcholine,True,True,0.029999999329447746,0.029999999329447746,1,True,legacy_generic_ALPN
11471,VA1d_adPN,10118,3,acetylcholine,True,True,0.08999999612569809,0.02999999870856603,1,True,legacy_generic_ALPN
11564,DA1_lPN,10118,5,acetylcholine,True,True,0.14999999105930328,0.029999998211860657,1,True,legacy_generic_ALPN
11583,VP1d+VP4_l2PN2,10118,66,acetylcholine,True,True,1.9799998998641968,0.02999999848279086,1,True,legacy_generic_ALPN
11703,VM1_lPN,10118,1,acetylcholine,True,True,0.029999999329447746,0.029999999329447746,1,True,legacy_generic_ALPN
11721,DA1_lPN,10118,5,acetylcholine,True,True,0.14999999105930328,0.029999998211860657,1,True,legacy_generic_ALPN
11817,VA5_lPN,10118,6,acetylcholine,True,True,0.17999999225139618,0.02999999870856603,1,True,legacy_generic_ALPN
11829,DL4_adPN,10118,58,acetylcholine,True,True,1.7400000095367432,0.030000000164426607,1,True,legacy_generic_ALPN
12023,VA3_adPN,10118,22,acetylcholine,True,True,0.6599999666213989,0.02999999848279086,1,True,legacy_generic_ALPN
12057,VM3_adPN,10118,22,acetylcholine,True,True,0.6599999666213989,0.02999999848279086,1,True,legacy_generic_ALPN
12061,DL1_adPN,10118,5,acetylcholine,True,True,0.14999999105930328,0.029999998211860657,1,True,legacy_generic_ALPN
12241,M_l2PNm16,10118,47,acetylcholine,True,True,1.409999966621399,0.029999999289817,1,True,legacy_generic_ALPN
12312,DC3_adPN,10118,41,acetylcholine,True,True,1.2300000190734863,0.030000000465206983,1,True,legacy_generic_ALPN
12314,DA1_lPN,10118,3,acetylcholine,True,True,0.08999999612569809,0.02999999870856603,1,True,legacy_generic_ALPN
12367,VM3_adPN,10118,25,acetylcholine,True,True,0.75,0.03,1,True,legacy_generic_ALPN
12509,VA3_adPN,10118,26,acetylcholine,True,True,0.7799999713897705,0.02999999889960656,1,True,legacy_generic_ALPN
12653,DA1_lPN,10118,3,acetylcholine,True,True,0.08999999612569809,0.02999999870856603,1,True,legacy_generic_ALPN
12756,VA5_lPN,10118,21,acetylcholine,True,True,0.6299999952316284,0.029999999772934688,1,True,legacy_generic_ALPN
12890,VP1l+VP3_ilPN,10118,1,acetylcholine,True,True,0.029999999329447746,0.029999999329447746,1,True,legacy_generic_ALPN
12965,M_l2PN10t19,10118,2,acetylcholine,True,True,0.05999999865889549,0.029999999329447746,1,True,legacy_generic_ALPN
13027,VC5_lvPN,10118,1,acetylcholine,True,True,0.029999999329447746,0.029999999329447746,1,True,legacy_generic_ALPN
13143,VA1v_adPN,10118,44,acetylcholine,True,True,1.3199999332427979,0.02999999848279086,1,True,legacy_generic_ALPN
13230,VC5_lvPN,10118,1,acetylcholine,True,True,0.029999999329447746,0.029999999329447746,1,True,legacy_generic_ALPN
13356,VM4_adPN,10118,13,acetylcholine,True,True,0.38999998569488525,0.02999999889960656,1,True,legacy_generic_ALPN
13423,D_adPN,10118,10,acetylcholine,True,True,0.29999998211860657,0.029999998211860657,1,True,legacy_generic_ALPN
13470,DC3_adPN,10118,26,acetylcholine,True,True,0.7799999713897705,0.02999999889960656,1,True,legacy_generic_ALPN
13483,DA1_lPN,10118,4,acetylcholine,True,True,0.11999999731779099,0.029999999329447746,1,True,legacy_generic_ALPN
13571,VP3+_l2PN,10118,12,acetylcholine,True,True,0.35999998450279236,0.02999999870856603,1,True,legacy_generic_ALPN
13582,VA1v_adPN,10118,35,acetylcholine,True,True,1.0499999523162842,0.02999999863760812,1,True,legacy_generic_ALPN
13583,DA1_lPN,10118,7,acetylcholine,True,True,0.20999999344348907,0.02999999906335558,1,True,legacy_generic_ALPN
13940,M_l2PN3t18,10118,12,acetylcholine,True,True,0.35999998450279236,0.02999999870856603,1,True,legacy_generic_ALPN
14339,VA1v_adPN,10118,47,acetylcholine,True,True,1.409999966621399,0.029999999289817,1,True,legacy_generic_ALPN
14661,D_adPN,10118,12,acetylcholine,True,True,0.35999998450279236,0.02999999870856603,1,True,legacy_generic_ALPN
14666,VP3+_l2PN,10118,179,acetylcholine,True,True,5.369999885559082,0.029999999360665264,1,True,legacy_generic_ALPN
14722,M_l2PN10t19,10118,22,acetylcholine,True,True,0.6599999666213989,0.02999999848279086,1,True,legacy_generic_ALPN
14874,D_adPN,10118,8,acetylcholine,True,True,0.23999999463558197,0.029999999329447746,1,True,legacy_generic_ALPN
15125,None,10118,47,acetylcholine,True,True,1.409999966621399,0.029999999289817,1,True,legacy_generic_ALPN
16013,VP5+VP3_l2PN,10118,99,acetylcholine,True,True,2.9700000286102295,0.030000000288992218,1,True,legacy_generic_ALPN
16085,VP2+VC5_l2PN,10118,2,acetylcholine,True,True,0.05999999865889549,0.029999999329447746,1,True,legacy_generic_ALPN
16167,M_l2PN10t19,10118,26,acetylcholine,True,True,0.7799999713897705,0.02999999889960656,1,True,legacy_generic_ALPN
16206,VA7m_lPN,10118,3,acetylcholine,True,True,0.08999999612569809,0.02999999870856603,1,True,legacy_generic_ALPN
16207,VC5_lvPN,10118,13,acetylcholine,True,True,0.38999998569488525,0.02999999889960656,1,True,legacy_generic_ALPN
16433,VC4_adPN,10118,4,acetylcholine,True,True,0.11999999731779099,0.029999999329447746,1,True,legacy_generic_ALPN
16648,VP1d_il2PN,10118,68,acetylcholine,True,True,2.0399999618530273,0.02999999943901511,1,True,legacy_generic_ALPN
16651,M_vPNml63,10118,4,gaba,True,True,-0.11999999731779099,-0.029999999329447746,-1,True,legacy_generic_ALPN
18049,VP1d_il2PN,10118,29,acetylcholine,True,True,0.8700000047683716,0.030000000164426607,1,True,legacy_generic_ALPN
18959,VP2+VC5_l2PN,10118,1,acetylcholine,True,True,0.029999999329447746,0.029999999329447746,1,True,legacy_generic_ALPN
18983,CB0650,10118,1,glutamate,True,True,-0.029999999329447746,-0.029999999329447746,-1,True,legacy_generic_ALPN
20688,M_lv2PN9t49_b,10118,1,gaba,True,True,-0.029999999329447746,-0.029999999329447746,-1,True,legacy_generic_ALPN
20926,VP1m+VP2_lvPN1,10118,3,acetylcholine,True,True,0.08999999612569809,0.02999999870856603,1,True,legacy_generic_ALPN
21756,None,10118,36,acetylcholine,True,True,1.0799999237060547,0.02999999788072374,1,True,legacy_generic_ALPN
23045,DL3_lPN,10118,1,acetylcholine,True,True,0.029999999329447746,0.029999999329447746,1,True,legacy_generic_ALPN
24841,DL2v_adPN,10118,5,acetylcholine,True,True,0.14999999105930328,0.029999998211860657,1,True,legacy_generic_ALPN
26977,M_adPNm7,10118,2,acetylcholine,True,True,0.05999999865889549,0.029999999329447746,1,True,legacy_generic_ALPN
29350,CB0650,10118,3,glutamate,True,True,-0.08999999612569809,-0.02999999870856603,-1,True,legacy_generic_ALPN
36774,VP1m+VP2_lvPN2,10118,5,acetylcholine,True,True,0.14999999105930328,0.029999998211860657,1,True,legacy_generic_ALPN
37635,VP2_l2PN,10118,60,acetylcholine,True,True,1.7999999523162842,0.029999999205271403,1,True,legacy_generic_ALPN
38271,M_lvPNm48,10118,8,acetylcholine,True,True,0.23999999463558197,0.029999999329447746,1,True,legacy_generic_ALPN
40187,M_lvPNm32,10118,1,acetylcholine,True,True,0.029999999329447746,0.029999999329447746,1,True,legacy_generic_ALPN
40838,M_adPNm3,10118,37,acetylcholine,True,True,1.1100000143051147,0.030000000386624724,1,True,legacy_generic_ALPN
51603,M_lvPNm42,10118,1,acetylcholine,True,True,0.029999999329447746,0.029999999329447746,1,True,legacy_generic_ALPN
53429,M_adPNm5,10118,2,acetylcholine,True,True,0.05999999865889549,0.029999999329447746,1,True,legacy_generic_ALPN
54383,M_lvPNm30,10118,6,acetylcholine,True,True,0.17999999225139618,0.02999999870856603,1,True,legacy_generic_ALPN
56390,VM4_lvPN,10118,2,acetylcholine,True,True,0.05999999865889549,0.029999999329447746,1,True,legacy_generic_ALPN
58009,M_adPNm8,10118,2,acetylcholine,True,True,0.05999999865889549,0.029999999329447746,1,True,legacy_generic_ALPN
63883,M_adPNm8,10118,4,acetylcholine,True,True,0.11999999731779099,0.029999999329447746,1,True,legacy_generic_ALPN
69646,M_lPNm13,10118,1,acetylcholine,True,True,0.029999999329447746,0.029999999329447746,1,True,legacy_generic_ALPN
514009,M_vPNml63,10118,5,gaba,True,True,-0.14999999105930328,-0.029999998211860657,-1,True,legacy_generic_ALPN
515551,M_l2PNm15,10118,33,acetylcholine,True,True,0.9899999499320984,0.02999999848279086,1,True,legacy_generic_ALPN
517359,M_lv2PN9t49_a,10118,2,gaba,True,True,-0.05999999865889549,-0.029999999329447746,-1,True,legacy_generic_ALPN
524990,VP3+_l2PN,10118,72,acetylcholine,True,True,2.1599998474121094,0.02999999788072374,1,True,legacy_generic_ALPN
532766,M_l2PNm16,10118,69,acetylcholine,True,True,2.069999933242798,0.029999999032504318,1,True,legacy_generic_ALPN
538094,M_adPNm8,10118,3,acetylcholine,True,True,0.08999999612569809,0.02999999870856603,1,True,legacy_generic_ALPN
555966,VP3+_l2PN,10118,1,acetylcholine,True,True,0.029999999329447746,0.029999999329447746,1,True,legacy_generic_ALPN
555967,VP3+_l2PN,10118,6,acetylcholine,True,True,0.17999999225139618,0.02999999870856603,1,True,legacy_generic_ALPN
556574,M_l2PN3t18,10118,12,acetylcholine,True,True,0.35999998450279236,0.02999999870856603,1,True,legacy_generic_ALPN
10039,VL2a_adPN,10065,97,acetylcholine,True,True,2.9099998474121094,0.029999998426928964,1,True,legacy_generic_ALPN
10198,VA7l_adPN,10065,1,acetylcholine,True,True,0.029999999329447746,0.029999999329447746,1,True,legacy_generic_ALPN
10390,VA2_adPN,10065,101,acetylcholine,True,True,3.0299999713897705,0.0299999997167304,1,True,legacy_generic_ALPN
10402,MZ_lv2PN,10065,3,gaba,True,True,-0.08999999612569809,-0.02999999870856603,-1,True,legacy_generic_ALPN
10408,VP1d+VP4_l2PN2,10065,60,acetylcholine,True,True,1.7999999523162842,0.029999999205271403,1,True,legacy_generic_ALPN
10522,VL2p_adPN,10065,4,acetylcholine,True,True,0.11999999731779099,0.029999999329447746,1,True,legacy_generic_ALPN
10530,VL1_ilPN,10065,1,acetylcholine,True,True,0.029999999329447746,0.029999999329447746,1,True,legacy_generic_ALPN
10567,M_l2PNl20,10065,45,acetylcholine,True,True,1.350000023841858,0.030000000529819066,1,True,legacy_generic_ALPN
10702,M_l2PNl20,10065,1,acetylcholine,True,True,0.029999999329447746,0.029999999329447746,1,True,legacy_generic_ALPN
10756,VC2_lPN,10065,19,acetylcholine,True,True,0.5699999928474426,0.02999999962354961,1,True,legacy_generic_ALPN
10904,VC1_lPN,10065,69,acetylcholine,True,True,2.069999933242798,0.029999999032504318,1,True,legacy_generic_ALPN
10906,VM3_adPN,10065,27,acetylcholine,True,True,0.8100000023841858,0.030000000088303176,1,True,legacy_generic_ALPN
10973,VP1m+VP5_ilPN,10065,3,acetylcholine,True,True,0.08999999612569809,0.02999999870856603,1,True,legacy_generic_ALPN
10996,VA4_lPN,10065,4,acetylcholine,True,True,0.11999999731779099,0.029999999329447746,1,True,legacy_generic_ALPN
11050,VP1d+VP4_l2PN1,10065,2,acetylcholine,True,True,0.05999999865889549,0.029999999329447746,1,True,legacy_generic_ALPN
11514,DL4_adPN,10065,92,acetylcholine,True,True,2.759999990463257,0.02999999989633975,1,True,legacy_generic_ALPN
11624,DC2_adPN,10065,1,acetylcholine,True,True,0.029999999329447746,0.029999999329447746,1,True,legacy_generic_ALPN
11761,VP1d+VP4_l2PN1,10065,7,acetylcholine,True,True,0.20999999344348907,0.02999999906335558,1,True,legacy_generic_ALPN
12012,VP4+VL1_l2PN,10065,1,acetylcholine,True,True,0.029999999329447746,0.029999999329447746,1,True,legacy_generic_ALPN
12160,DC4_adPN,10065,8,acetylcholine,True,True,0.23999999463558197,0.029999999329447746,1,True,legacy_generic_ALPN
12163,VA5_lPN,10065,41,acetylcholine,True,True,1.2300000190734863,0.030000000465206983,1,True,legacy_generic_ALPN
12164,VM3_adPN,10065,16,acetylcholine,True,True,0.47999998927116394,0.029999999329447746,1,True,legacy_generic_ALPN
12309,DC3_adPN,10065,45,acetylcholine,True,True,1.350000023841858,0.030000000529819066,1,True,legacy_generic_ALPN
12387,D_adPN,10065,7,acetylcholine,True,True,0.20999999344348907,0.02999999906335558,1,True,legacy_generic_ALPN
12667,VA1v_adPN,10065,57,acetylcholine,True,True,1.709999918937683,0.02999999857785409,1,True,legacy_generic_ALPN
12728,DC3_adPN,10065,35,acetylcholine,True,True,1.0499999523162842,0.02999999863760812,1,True,legacy_generic_ALPN
12965,M_l2PN10t19,10065,1,acetylcholine,True,True,0.029999999329447746,0.029999999329447746,1,True,legacy_generic_ALPN
13198,VA1v_adPN,10065,56,acetylcholine,True,True,1.6799999475479126,0.02999999906335558,1,True,legacy_generic_ALPN
13379,VA1v_adPN,10065,52,acetylcholine,True,True,1.559999942779541,0.02999999889960656,1,True,legacy_generic_ALPN
13386,VM7v_adPN,10065,7,acetylcholine,True,True,0.20999999344348907,0.02999999906335558,1,True,legacy_generic_ALPN
13571,VP3+_l2PN,10065,9,acetylcholine,True,True,0.26999998092651367,0.02999999788072374,1,True,legacy_generic_ALPN
13610,M_l2PNm16,10065,74,acetylcholine,True,True,2.2200000286102295,0.030000000386624724,1,True,legacy_generic_ALPN
13666,M_l2PNm16,10065,86,acetylcholine,True,True,2.5799999237060547,0.029999999112861102,1,True,legacy_generic_ALPN
13906,M_vPNml63,10065,1,gaba,True,True,-0.029999999329447746,-0.029999999329447746,-1,True,legacy_generic_ALPN
13981,M_l2PN10t19,10065,4,acetylcholine,True,True,0.11999999731779099,0.029999999329447746,1,True,legacy_generic_ALPN
14158,M_l2PN3t18,10065,4,acetylcholine,True,True,0.11999999731779099,0.029999999329447746,1,True,legacy_generic_ALPN
14319,M_l2PN3t18,10065,1,acetylcholine,True,True,0.029999999329447746,0.029999999329447746,1,True,legacy_generic_ALPN
14419,VP2_l2PN,10065,61,acetylcholine,True,True,1.8299999237060547,0.029999998749279586,1,True,legacy_generic_ALPN
14437,VP3+VP1l_ivPN,10065,3,acetylcholine,True,True,0.08999999612569809,0.02999999870856603,1,True,legacy_generic_ALPN
14510,VA1v_adPN,10065,51,acetylcholine,True,True,1.5299999713897705,0.02999999943901511,1,True,legacy_generic_ALPN
14573,M_l2PNl23,10065,13,acetylcholine,True,True,0.38999998569488525,0.02999999889960656,1,True,legacy_generic_ALPN
14722,M_l2PN10t19,10065,44,acetylcholine,True,True,1.3199999332427979,0.02999999848279086,1,True,legacy_generic_ALPN
14802,VA7m_lPN,10065,2,acetylcholine,True,True,0.05999999865889549,0.029999999329447746,1,True,legacy_generic_ALPN
14985,VA5_lPN,10065,16,acetylcholine,True,True,0.47999998927116394,0.029999999329447746,1,True,legacy_generic_ALPN
15164,DC3_adPN,10065,33,acetylcholine,True,True,0.9899999499320984,0.02999999848279086,1,True,legacy_generic_ALPN
15353,M_adPNm3,10065,67,acetylcholine,True,True,2.009999990463257,0.02999999985766055,1,True,legacy_generic_ALPN
15970,None,10065,40,acetylcholine,True,True,1.1999999284744263,0.029999998211860657,1,True,legacy_generic_ALPN
16005,D_adPN,10065,9,acetylcholine,True,True,0.26999998092651367,0.02999999788072374,1,True,legacy_generic_ALPN
16083,VM2_adPN,10065,24,acetylcholine,True,True,0.7199999690055847,0.02999999870856603,1,True,legacy_generic_ALPN
16085,VP2+VC5_l2PN,10065,1,acetylcholine,True,True,0.029999999329447746,0.029999999329447746,1,True,legacy_generic_ALPN
16136,VP5+VP3_l2PN,10065,148,acetylcholine,True,True,4.440000057220459,0.030000000386624724,1,True,legacy_generic_ALPN
16141,VM4_adPN,10065,26,acetylcholine,True,True,0.7799999713897705,0.02999999889960656,1,True,legacy_generic_ALPN
16167,M_l2PN10t19,10065,17,acetylcholine,True,True,0.5099999904632568,0.02999999943901511,1,True,legacy_generic_ALPN
16437,M_vPNml63,10065,1,gaba,True,True,-0.029999999329447746,-0.029999999329447746,-1,True,legacy_generic_ALPN
16610,VA7m_lPN,10065,11,acetylcholine,True,True,0.32999998331069946,0.02999999848279086,1,True,legacy_generic_ALPN
16648,VP1d_il2PN,10065,79,acetylcholine,True,True,2.369999885559082,0.029999998551380785,1,True,legacy_generic_ALPN
16921,M_l2PNm15,10065,61,acetylcholine,True,True,1.8299999237060547,0.029999998749279586,1,True,legacy_generic_ALPN
17319,VP3+_l2PN,10065,249,acetylcholine,True,True,7.46999979019165,0.029999999157396186,1,True,legacy_generic_ALPN
17371,M_vPNml65,10065,2,gaba,True,True,-0.05999999865889549,-0.029999999329447746,-1,True,legacy_generic_ALPN
17800,None,10065,54,acetylcholine,True,True,1.6200000047683716,0.030000000088303176,1,True,legacy_generic_ALPN
18049,VP1d_il2PN,10065,24,acetylcholine,True,True,0.7199999690055847,0.02999999870856603,1,True,legacy_generic_ALPN
18536,D_adPN,10065,14,acetylcholine,True,True,0.41999998688697815,0.02999999906335558,1,True,legacy_generic_ALPN
18959,VP2+VC5_l2PN,10065,3,acetylcholine,True,True,0.08999999612569809,0.02999999870856603,1,True,legacy_generic_ALPN
19845,VP3+VP1l_ivPN,10065,1,acetylcholine,True,True,0.029999999329447746,0.029999999329447746,1,True,legacy_generic_ALPN
25853,M_lvPNm47,10065,4,acetylcholine,True,True,0.11999999731779099,0.029999999329447746,1,True,legacy_generic_ALPN
26387,VC4_adPN,10065,6,acetylcholine,True,True,0.17999999225139618,0.02999999870856603,1,True,legacy_generic_ALPN
26766,M_vPNml65,10065,3,gaba,True,True,-0.08999999612569809,-0.02999999870856603,-1,True,legacy_generic_ALPN
28803,VM4_lvPN,10065,4,acetylcholine,True,True,0.11999999731779099,0.029999999329447746,1,True,legacy_generic_ALPN
29750,VM4_lvPN,10065,10,acetylcholine,True,True,0.29999998211860657,0.029999998211860657,1,True,legacy_generic_ALPN
30539,M_l2PNm17,10065,2,acetylcholine,True,True,0.05999999865889549,0.029999999329447746,1,True,legacy_generic_ALPN
37635,VP2_l2PN,10065,1,acetylcholine,True,True,0.029999999329447746,0.029999999329447746,1,True,legacy_generic_ALPN
41345,VP1m+VP2_lvPN2,10065,1,acetylcholine,True,True,0.029999999329447746,0.029999999329447746,1,True,legacy_generic_ALPN
43363,M_lvPNm30,10065,8,acetylcholine,True,True,0.23999999463558197,0.029999999329447746,1,True,legacy_generic_ALPN
47040,M_lvPNm48,10065,1,acetylcholine,True,True,0.029999999329447746,0.029999999329447746,1,True,legacy_generic_ALPN
68701,M_lvPNm40,10065,1,acetylcholine,True,True,0.029999999329447746,0.029999999329447746,1,True,legacy_generic_ALPN
91799,M_adPNm8,10065,1,acetylcholine,True,True,0.029999999329447746,0.029999999329447746,1,True,legacy_generic_ALPN
103414,M_adPNm8,10065,2,acetylcholine,True,True,0.05999999865889549,0.029999999329447746,1,True,legacy_generic_ALPN
103621,M_adPNm5,10065,1,acetylcholine,True,True,0.029999999329447746,0.029999999329447746,1,True,legacy_generic_ALPN
107629,M_vPNml84,10065,1,gaba,True,True,-0.029999999329447746,-0.029999999329447746,-1,True,legacy_generic_ALPN
142052,M_VPNml66,10065,1,gaba,True,True,-0.029999999329447746,-0.029999999329447746,-1,True,legacy_generic_ALPN
155294,M_adPNm7,10065,8,acetylcholine,True,True,0.23999999463558197,0.029999999329447746,1,True,legacy_generic_ALPN
516162,VC4_adPN,10065,1,acetylcholine,True,True,0.029999999329447746,0.029999999329447746,1,True,legacy_generic_ALPN
516433,VP5+Z_adPN,10065,2,acetylcholine,True,True,0.05999999865889549,0.029999999329447746,1,True,legacy_generic_ALPN
518294,VA5_lPN,10065,18,acetylcholine,True,True,0.5399999618530273,0.02999999788072374,1,True,legacy_generic_ALPN
519970,VA3_adPN,10065,30,acetylcholine,True,True,0.8999999761581421,0.029999999205271403,1,True,legacy_generic_ALPN
520916,VM6_adPN,10065,5,acetylcholine,True,True,0.14999999105930328,0.029999998211860657,1,True,legacy_generic_ALPN
521108,M_lv2PN9t49_b,10065,1,gaba,True,True,-0.029999999329447746,-0.029999999329447746,-1,True,legacy_generic_ALPN
521437,VA3_adPN,10065,26,acetylcholine,True,True,0.7799999713897705,0.02999999889960656,1,True,legacy_generic_ALPN
523941,M_lvPNm35,10065,2,acetylcholine,True,True,0.05999999865889549,0.029999999329447746,1,True,legacy_generic_ALPN
524207,VA7m_lPN,10065,6,acetylcholine,True,True,0.17999999225139618,0.02999999870856603,1,True,legacy_generic_ALPN
524472,M_lvPNm48,10065,8,acetylcholine,True,True,0.23999999463558197,0.029999999329447746,1,True,legacy_generic_ALPN
525105,DL5_adPN,10065,2,acetylcholine,True,True,0.05999999865889549,0.029999999329447746,1,True,legacy_generic_ALPN
527577,VA6_adPN,10065,99,acetylcholine,True,True,2.9700000286102295,0.030000000288992218,1,True,legacy_generic_ALPN
555966,VP3+_l2PN,10065,16,acetylcholine,True,True,0.47999998927116394,0.029999999329447746,1,True,legacy_generic_ALPN
555967,VP3+_l2PN,10065,83,acetylcholine,True,True,2.490000009536743,0.03000000011490052,1,True,legacy_generic_ALPN
11449,M_spPN5t10,10360,1,acetylcholine,True,True,0.029999999329447746,0.029999999329447746,1,True,legacy_generic_ALPN
