condition,source_bodyId,target_bodyId,target_type,reachable,minimum_hops,one_path,path_signed_weights,direct_signed_weight,target_current_actuator
DNp09_bilateral,10783,10442,DNa01,True,2,"[10783, 10030, 10442]","[0.029999999329447746, 2.009999990463257]",0.0,False
DNp09_bilateral,10783,10760,DNa01,True,2,"[10783, 10045, 10760]","[0.05999999865889549, 0.14999999105930328]",0.0,False
DNp09_bilateral,10783,10360,DNa02,True,2,"[10783, 10109, 10360]","[0.8399999737739563, -0.05999999865889549]",0.0,False
DNp09_bilateral,10783,523769,DNa02,True,1,"[10783, 523769]",[1.350000023841858],1.350000023841858,False
DNp09_bilateral,10783,10975,DNa03,True,2,"[10783, 10103, 10975]","[0.47999998927116394, 1.9499999284744263]",0.0,False
DNp09_bilateral,10783,519624,DNa03,True,2,"[10783, 10030, 519624]","[0.029999999329447746, 0.029999999329447746]",0.0,False
DNp09_bilateral,10783,10971,DNa11,True,1,"[10783, 10971]",[4.440000057220459],4.440000057220459,False
DNp09_bilateral,10783,11233,DNa11,True,2,"[10783, 10045, 11233]","[0.05999999865889549, 0.23999999463558197]",0.0,False
DNp09_bilateral,10783,10805,DNb02,True,2,"[10783, 10192, 10805]","[2.7300000190734863, 0.05999999865889549]",0.0,False
DNp09_bilateral,10783,12767,DNb02,True,1,"[10783, 12767]",[0.7199999690055847],0.7199999690055847,False
DNp09_bilateral,10783,13922,DNb02,True,2,"[10783, 10090, 13922]","[0.029999999329447746, 0.029999999329447746]",0.0,False
DNp09_bilateral,10783,529488,DNb02,True,1,"[10783, 529488]",[0.44999998807907104],0.44999998807907104,False
DNp09_bilateral,10783,10065,DNb05,True,2,"[10783, 10221, 10065]","[0.11999999731779099, 0.029999999329447746]",0.0,True
DNp09_bilateral,10783,10118,DNb05,True,2,"[10783, 10030, 10118]","[0.029999999329447746, 0.11999999731779099]",0.0,True
DNp09_bilateral,10783,11074,DNg13,True,2,"[10783, 10030, 11074]","[0.029999999329447746, 0.05999999865889549]",0.0,False
DNp09_bilateral,10783,512006,DNg13,True,2,"[10783, 10045, 512006]","[0.05999999865889549, 0.17999999225139618]",0.0,False
DNp09_bilateral,10783,10045,DNg100,True,1,"[10783, 10045]",[0.05999999865889549],0.05999999865889549,True
DNp09_bilateral,10783,10056,DNg100,True,1,"[10783, 10056]",[0.14999999105930328],0.14999999105930328,True
DNp09_bilateral,10783,10783,DNp09,True,0,[10783],[],0.0,False
DNp09_bilateral,10783,11177,DNp09,True,2,"[10783, 10056, 11177]","[0.14999999105930328, 0.029999999329447746]",0.0,False
DNp09_bilateral,10783,14674,LAL013,True,2,"[10783, 10063, 14674]","[0.17999999225139618, 0.029999999329447746]",0.0,False
DNp09_bilateral,10783,512258,LAL013,True,2,"[10783, 10103, 512258]","[0.47999998927116394, 0.32999998331069946]",0.0,False
DNp09_bilateral,11177,10442,DNa01,True,2,"[11177, 10045, 10442]","[3.1499998569488525, 0.08999999612569809]",0.0,False
DNp09_bilateral,11177,10760,DNa01,True,1,"[11177, 10760]",[0.08999999612569809],0.08999999612569809,False
DNp09_bilateral,11177,10360,DNa02,True,1,"[11177, 10360]",[0.26999998092651367],0.26999998092651367,False
DNp09_bilateral,11177,523769,DNa02,True,2,"[11177, 10167, 523769]","[1.1399999856948853, -0.11999999731779099]",0.0,False
DNp09_bilateral,11177,10975,DNa03,True,2,"[11177, 10069, 10975]","[0.029999999329447746, 0.05999999865889549]",0.0,False
DNp09_bilateral,11177,519624,DNa03,True,2,"[11177, 10103, 519624]","[0.029999999329447746, 1.8299999237060547]",0.0,False
DNp09_bilateral,11177,10971,DNa11,True,2,"[11177, 10056, 10971]","[3.059999942779541, 0.44999998807907104]",0.0,False
DNp09_bilateral,11177,11233,DNa11,True,1,"[11177, 11233]",[2.2200000286102295],2.2200000286102295,False
DNp09_bilateral,11177,10805,DNb02,True,2,"[11177, 10101, 10805]","[0.11999999731779099, -0.14999999105930328]",0.0,False
DNp09_bilateral,11177,12767,DNb02,True,2,"[11177, 10333, 12767]","[0.5099999904632568, -0.23999999463558197]",0.0,False
DNp09_bilateral,11177,13922,DNb02,True,1,"[11177, 13922]",[0.05999999865889549],0.05999999865889549,False
DNp09_bilateral,11177,529488,DNb02,True,2,"[11177, 10104, 529488]","[0.029999999329447746, 0.029999999329447746]",0.0,False
DNp09_bilateral,11177,10065,DNb05,True,2,"[11177, 10069, 10065]","[0.029999999329447746, 0.05999999865889549]",0.0,True
DNp09_bilateral,11177,10118,DNb05,True,2,"[11177, 10191, 10118]","[0.11999999731779099, 0.11999999731779099]",0.0,True
DNp09_bilateral,11177,11074,DNg13,True,2,"[11177, 10045, 11074]","[3.1499998569488525, 0.05999999865889549]",0.0,False
DNp09_bilateral,11177,512006,DNg13,True,1,"[11177, 512006]",[0.08999999612569809],0.08999999612569809,False
DNp09_bilateral,11177,10045,DNg100,True,1,"[11177, 10045]",[3.1499998569488525],3.1499998569488525,True
DNp09_bilateral,11177,10056,DNg100,True,1,"[11177, 10056]",[3.059999942779541],3.059999942779541,True
DNp09_bilateral,11177,10783,DNp09,True,2,"[11177, 10202, 10783]","[0.20999999344348907, -0.41999998688697815]",0.0,False
DNp09_bilateral,11177,11177,DNp09,True,0,[11177],[],0.0,False
DNp09_bilateral,11177,14674,LAL013,True,2,"[11177, 10103, 14674]","[0.029999999329447746, 0.5099999904632568]",0.0,False
DNp09_bilateral,11177,512258,LAL013,True,2,"[11177, 10103, 512258]","[0.029999999329447746, 0.32999998331069946]",0.0,False
DNa03_left,519624,10442,DNa01,True,1,"[519624, 10442]",[0.08999999612569809],0.08999999612569809,False
DNa03_left,519624,10760,DNa01,True,2,"[519624, 10005, 10760]","[0.5099999904632568, -0.08999999612569809]",0.0,False
DNa03_left,519624,10360,DNa02,True,2,"[519624, 10070, 10360]","[0.05999999865889549, -8.670000076293945]",0.0,False
DNa03_left,519624,523769,DNa02,True,1,"[519624, 523769]",[7.649999618530273],7.649999618530273,False
DNa03_left,519624,10975,DNa03,True,2,"[519624, 10070, 10975]","[0.05999999865889549, -6.779999732971191]",0.0,False
DNa03_left,519624,519624,DNa03,True,0,[519624],[],0.0,False
DNa03_left,519624,10971,DNa11,True,1,"[519624, 10971]",[6.210000038146973],6.210000038146973,False
DNa03_left,519624,11233,DNa11,True,2,"[519624, 10070, 11233]","[0.05999999865889549, -1.5299999713897705]",0.0,False
DNa03_left,519624,10805,DNb02,True,1,"[519624, 10805]",[0.029999999329447746],0.029999999329447746,False
DNa03_left,519624,12767,DNb02,True,1,"[519624, 12767]",[0.32999998331069946],0.32999998331069946,False
DNa03_left,519624,13922,DNb02,True,2,"[519624, 10048, 13922]","[0.75, 0.029999999329447746]",0.0,False
DNa03_left,519624,529488,DNb02,True,1,"[519624, 529488]",[0.29999998211860657],0.29999998211860657,False
DNa03_left,519624,10065,DNb05,True,2,"[519624, 10221, 10065]","[0.05999999865889549, 0.029999999329447746]",0.0,True
DNa03_left,519624,10118,DNb05,True,2,"[519624, 10030, 10118]","[0.029999999329447746, 0.11999999731779099]",0.0,True
DNa03_left,519624,11074,DNg13,True,1,"[519624, 11074]",[0.11999999731779099],0.11999999731779099,False
DNa03_left,519624,512006,DNg13,True,2,"[519624, 10070, 512006]","[0.05999999865889549, -0.11999999731779099]",0.0,False
DNa03_left,519624,10045,DNg100,True,2,"[519624, 10030, 10045]","[0.029999999329447746, 0.14999999105930328]",0.0,True
DNa03_left,519624,10056,DNg100,True,2,"[519624, 10106, 10056]","[0.05999999865889549, 0.029999999329447746]",0.0,True
DNa03_left,519624,10783,DNp09,True,2,"[519624, 10030, 10783]","[0.029999999329447746, 0.05999999865889549]",0.0,False
DNa03_left,519624,11177,DNp09,True,2,"[519624, 10109, 11177]","[4.619999885559082, -0.14999999105930328]",0.0,False
DNa03_left,519624,14674,LAL013,True,2,"[519624, 10109, 14674]","[4.619999885559082, -0.26999998092651367]",0.0,False
DNa03_left,519624,512258,LAL013,True,1,"[519624, 512258]",[0.08999999612569809],0.08999999612569809,False
DNa03_right,10975,10442,DNa01,True,2,"[10975, 10005, 10442]","[0.14999999105930328, -0.6899999976158142]",0.0,False
DNa03_right,10975,10760,DNa01,True,1,"[10975, 10760]",[0.14999999105930328],0.14999999105930328,False
DNa03_right,10975,10360,DNa02,True,1,"[10975, 10360]",[8.90999984741211],8.90999984741211,False
DNa03_right,10975,523769,DNa02,True,2,"[10975, 10005, 523769]","[0.14999999105930328, -8.90999984741211]",0.0,False
DNa03_right,10975,10975,DNa03,True,0,[10975],[],0.0,False
DNa03_right,10975,519624,DNa03,True,2,"[10975, 10005, 519624]","[0.14999999105930328, -7.349999904632568]",0.0,False
DNa03_right,10975,10971,DNa11,True,2,"[10975, 10005, 10971]","[0.14999999105930328, -2.429999828338623]",0.0,False
DNa03_right,10975,11233,DNa11,True,1,"[10975, 11233]",[5.519999980926514],5.519999980926514,False
DNa03_right,10975,10805,DNb02,True,1,"[10975, 10805]",[0.14999999105930328],0.14999999105930328,False
DNa03_right,10975,12767,DNb02,True,2,"[10975, 10005, 12767]","[0.14999999105930328, -1.2599999904632568]",0.0,False
DNa03_right,10975,13922,DNb02,True,1,"[10975, 13922]",[0.35999998450279236],0.35999998450279236,False
DNa03_right,10975,529488,DNb02,True,2,"[10975, 10005, 529488]","[0.14999999105930328, -1.4399999380111694]",0.0,False
DNa03_right,10975,10065,DNb05,True,2,"[10975, 10304, 10065]","[0.05999999865889549, 0.029999999329447746]",0.0,True
DNa03_right,10975,10118,DNb05,True,2,"[10975, 10617, 10118]","[0.6899999976158142, 0.029999999329447746]",0.0,True
DNa03_right,10975,11074,DNg13,True,2,"[10975, 10005, 11074]","[0.14999999105930328, -0.29999998211860657]",0.0,False
DNa03_right,10975,512006,DNg13,True,1,"[10975, 512006]",[0.029999999329447746],0.029999999329447746,False
DNa03_right,10975,10045,DNg100,True,2,"[10975, 10054, 10045]","[0.11999999731779099, 0.029999999329447746]",0.0,True
DNa03_right,10975,10056,DNg100,True,2,"[10975, 10101, 10056]","[2.5799999237060547, -0.35999998450279236]",0.0,True
DNa03_right,10975,10783,DNp09,True,2,"[10975, 10582, 10783]","[0.029999999329447746, -0.029999999329447746]",0.0,False
DNa03_right,10975,11177,DNp09,True,2,"[10975, 10109, 11177]","[1.2899999618530273, -0.14999999105930328]",0.0,False
DNa03_right,10975,14674,LAL013,True,1,"[10975, 14674]",[0.32999998331069946],0.32999998331069946,False
DNa03_right,10975,512258,LAL013,True,2,"[10975, 10070, 512258]","[0.5099999904632568, -0.05999999865889549]",0.0,False
