bodyId,type,rootSide,somaSide,superclass,class
10045,DNg100,,L,descending_neuron,
10056,DNg100,,R,descending_neuron,
10118,DNb05,,L,descending_neuron,
10065,DNb05,,R,descending_neuron,
10442,DNa01,,L,descending_neuron,
10760,DNa01,,R,descending_neuron,
523769,DNa02,,L,descending_neuron,
10360,DNa02,,R,descending_neuron,
10888,DNb06,,L,descending_neuron,
11067,DNb06,,R,descending_neuron,
11074,DNg13,,L,descending_neuron,
512006,DNg13,,R,descending_neuron,
11960,AMMC012,,L,cb_intrinsic,
11702,AMMC012,,R,cb_intrinsic,
523640,AMMC013,,L,cb_intrinsic,
10371,WED203,,L,cb_intrinsic,
