post_row,post_bodyId,post_type,post_rootSide,post_somaSide,JO_CE_synapses,all_internal_input_synapses,JO_CE_fraction,from_left_antenna,from_right_antenna
1832,11960,AMMC012,unknown,L,2037,4757,0.4282110573891108,2037,0
131893,523640,AMMC013,unknown,L,1614,7719,0.2090944422852701,1614,0
343,10371,WED203,unknown,L,1457,10457,0.13933250454241178,1457,0
39,10048,DNp18,unknown,L,1236,10830,0.11412742382271468,1232,4
3095,13306,AMMC038,unknown,L,1100,2420,0.45454545454545453,1100,0
1589,11702,AMMC012,unknown,R,1098,3602,0.3048306496390894,2,1096
17261,29142,AMMC008,unknown,L,1042,2235,0.46621923937360177,1030,12
2083,12228,AMMC028,unknown,L,1025,1797,0.57039510294936,1025,0
5009,15436,AMMC028,unknown,L,891,1490,0.5979865771812081,891,0
1359,11456,AMMC013,unknown,R,801,6495,0.12332563510392609,0,801
4603,14983,AMMC037,unknown,L,801,1345,0.5955390334572491,726,75
13389,24803,AMMC026,unknown,L,779,1249,0.6236989591673339,748,31
9127,20039,AMMC026,unknown,L,761,1196,0.6362876254180602,742,19
8947,19835,AMMC030,unknown,L,720,1316,0.547112462006079,720,0
19,10026,DNp18,unknown,R,715,10313,0.06932997188015126,6,709
13182,24572,AMMC026,unknown,L,658,1234,0.5332252836304701,630,28
137308,536501,AMMC008,unknown,R,632,1821,0.3470620538165843,42,590
3441,13689,AMMC026,unknown,L,630,983,0.6408952187182095,629,1
14206,25715,AMMC022,unknown,L,606,1075,0.5637209302325581,550,56
8727,19590,AMMC029,unknown,L,570,1125,0.5066666666666667,558,12
1342,11438,DNp33,unknown,L,554,2944,0.18817934782608695,554,0
2564,12742,AMMC038,unknown,R,553,1883,0.2936802973977695,123,430
19481,31674,AMMC033,unknown,L,534,1382,0.38639652677279307,534,0
133684,527638,AMMC032,unknown,L,519,1122,0.4625668449197861,519,0
90421,121055,WED100,unknown,L,514,1241,0.41418211120064463,514,0
17490,29408,AMMC030,unknown,L,501,1016,0.49311023622047245,501,0
2875,13072,WED080,unknown,R,493,2471,0.19951436665317684,493,0
132436,524656,AMMC037,unknown,R,445,970,0.4587628865979381,103,342
13323,24728,AMMC026,unknown,L,421,803,0.5242839352428393,421,0
131012,521009,AMMC003,unknown,L,411,729,0.5637860082304527,351,60
125877,512000,AMMC022,unknown,R,410,963,0.4257528556593977,192,218
643,10691,WED203,unknown,R,408,9140,0.04463894967177243,2,406
126355,512902,AMMC029,unknown,R,405,1048,0.38645038167938933,11,394
26056,39119,AMMC004,unknown,L,402,847,0.47461629279811096,312,90
6319,16899,AMMC024,unknown,L,400,1038,0.3853564547206166,400,0
10194,21235,AMMC026,unknown,R,396,904,0.43805309734513276,161,235
17640,29570,AMMC033,unknown,L,395,1110,0.35585585585585583,395,0
138997,542935,AMMC031,unknown,L,381,822,0.4635036496350365,381,0
130981,520899,AMMC015,unknown,L,374,1405,0.2661921708185053,374,0
143371,567110,AMMC011,unknown,L,374,1793,0.2085889570552147,373,1
9875,20877,AMMC021,unknown,L,365,875,0.41714285714285715,342,23
14567,26126,AMMC027,unknown,L,352,1194,0.2948073701842546,331,21
12763,24096,AMMC022,unknown,L,350,738,0.4742547425474255,305,45
992,11072,DNp12,unknown,L,341,7042,0.04842374325475717,341,0
4208,14547,AMMC030,unknown,R,339,832,0.4074519230769231,0,339
14849,26434,AMMC032,unknown,L,339,814,0.41646191646191644,339,0
129946,519043,AMMC031,unknown,L,332,918,0.3616557734204793,332,0
127559,515027,AMMC027,unknown,R,329,746,0.4410187667560322,126,203
135521,532560,AMMC026,unknown,R,326,660,0.49393939393939396,57,269
8356,19165,AMMC022,unknown,L,325,747,0.4350736278447122,277,48
125997,512236,AMMC028,unknown,R,325,1100,0.29545454545454547,0,325
11068,22201,AMMC026,unknown,R,315,697,0.4519368723098996,11,304
15366,27021,AMMC025,unknown,L,308,816,0.37745098039215685,308,0
31124,44865,WED099,unknown,L,298,1027,0.2901655306718598,265,33
127558,515026,AMMC028,unknown,R,291,911,0.3194291986827662,0,291
130593,520178,AMMC010,unknown,R,288,1038,0.2774566473988439,172,116
10062,21089,AMMC032,unknown,R,287,1037,0.2767598842815815,0,287
15018,26630,AMMC006,unknown,L,285,869,0.32796317606444186,275,10
26331,39431,AMMC004,unknown,L,284,656,0.4329268292682927,254,30
63963,84533,AMMC022,unknown,R,284,707,0.4016973125884017,98,186
2400,12566,WED080,unknown,L,281,2214,0.12691960252935863,17,264
14432,25971,AMMC031,unknown,R,281,857,0.3278879813302217,0,281
6889,17536,WED202,unknown,L,278,917,0.3031624863685932,278,0
66806,88270,AMMC007,unknown,R,274,563,0.4866785079928952,260,14
133402,526915,AMMC032,unknown,R,271,984,0.27540650406504064,0,271
7900,18665,AMMC004,unknown,R,269,760,0.3539473684210526,148,121
111799,165814,AMMC007,unknown,R,266,470,0.5659574468085107,240,26
15281,26923,AMMC004,unknown,R,260,807,0.322180916976456,90,170
126222,512633,AMMC003,unknown,R,252,597,0.4221105527638191,125,127
164042,919277,AMMC021,unknown,L,250,612,0.4084967320261438,214,36
142586,556587,AMMC033,unknown,R,247,1049,0.23546234509056244,0,247
26451,39562,AMMC025,unknown,L,245,779,0.31450577663671375,245,0
66810,88275,AMMC031,unknown,R,241,778,0.3097686375321337,0,241
128661,516898,AMMC022,unknown,R,239,752,0.3178191489361702,127,112
49409,66414,AMMC003,unknown,L,237,594,0.398989898989899,185,52
4557,14934,AMMC024,unknown,R,234,729,0.32098765432098764,0,234
106089,149321,AMMC007,unknown,R,234,499,0.46893787575150303,230,4
17519,29440,AMMC005,unknown,R,232,562,0.4128113879003559,220,12
25712,38733,AMMC025,unknown,L,228,775,0.29419354838709677,228,0
86531,115297,AMMC005,unknown,R,228,467,0.48822269807280516,212,16
128477,516602,AMMC031,unknown,R,219,893,0.24524076147816348,0,219
8045,18821,AMMC023,unknown,L,218,867,0.25144175317185696,162,56
14163,25662,AMMC026,unknown,R,218,541,0.4029574861367837,4,214
34834,49138,AMMC006,unknown,R,210,694,0.3025936599423631,164,46
132672,525143,AMMC025,unknown,L,208,813,0.25584255842558423,208,0
17859,29805,AMMC004,unknown,L,204,774,0.26356589147286824,204,0
10881,22000,AMMC021,unknown,R,199,878,0.2266514806378132,164,35
86144,114708,AMMC007,unknown,L,199,438,0.454337899543379,50,149
18300,30316,WED100,unknown,R,198,955,0.20732984293193718,0,198
25150,38093,AMMC003,unknown,L,198,584,0.339041095890411,172,26
19819,32056,AMMC003,unknown,R,196,508,0.3858267716535433,89,107
134251,529975,AMMC027,unknown,R,196,878,0.22323462414578588,27,169
135343,532198,WED196,unknown,M,196,4679,0.04188929258388545,196,0
966,11044,AMMC034_a,unknown,L,195,2102,0.09276879162702188,195,0
18335,30358,AMMC006,unknown,L,193,577,0.3344887348353553,170,23
126001,512241,WED099,unknown,R,185,798,0.23182957393483708,120,65
131010,521005,AMMC003,unknown,L,180,689,0.2612481857764877,164,16
686,10739,DNg24,unknown,L,176,3692,0.047670639219934995,176,0
15677,27369,AMMC025,unknown,L,168,810,0.2074074074074074,163,5
70112,92690,AMMC007,unknown,L,167,373,0.4477211796246649,31,136
14992,26597,WED100,unknown,R,165,1099,0.15013648771610555,0,165
7547,18269,AMMC021,unknown,R,162,684,0.23684210526315788,69,93
7859,18624,AMMC021,unknown,R,162,781,0.20742637644046094,21,141
92072,123532,AMMC006,unknown,L,160,621,0.2576489533011272,154,6
17898,29852,AMMC025,unknown,L,153,658,0.23252279635258358,153,0
6975,17629,AMMC020,unknown,R,152,719,0.2114047287899861,86,66
29114,42570,AMMC005,unknown,R,150,413,0.36319612590799033,138,12
3205,13426,AMMC020,unknown,L,147,744,0.1975806451612903,99,48
43178,58903,AMMC007,unknown,R,144,399,0.3609022556390977,136,8
63031,83362,AMMC007,unknown,L,143,411,0.34793187347931875,46,97
131776,523350,AMMC020,unknown,R,142,737,0.1926729986431479,96,46
14377,25901,AMMC020,unknown,L,141,693,0.20346320346320346,115,26
138,10153,SAD051_b,unknown,L,140,1373,0.10196649672250546,140,0
74666,98832,AMMC006,unknown,R,140,433,0.3233256351039261,97,43
9039,19937,AMMC006,unknown,L,137,456,0.30043859649122806,85,52
131895,523642,WED100,unknown,L,137,807,0.1697645600991326,137,0
33441,47517,AMMC006,unknown,R,134,581,0.2306368330464716,45,89
38087,52931,AMMC019,unknown,L,132,626,0.2108626198083067,106,26
130666,520339,AMMC014,unknown,L,125,977,0.12794268167860798,125,0
17513,29434,AMMC020,unknown,L,124,665,0.18646616541353384,92,32
104,10118,DNb05,unknown,L,119,16838,0.007067347665993586,119,0
17683,29617,AMMC003,unknown,R,117,481,0.24324324324324326,33,84
142521,556037,WEDPN9,unknown,L,117,2755,0.042468239564428314,117,0
8824,19698,AMMC010,unknown,L,116,1248,0.09294871794871795,116,0
104438,145575,AMMC005,unknown,L,115,393,0.2926208651399491,51,64
129828,518847,AMMC015,unknown,L,115,732,0.15710382513661203,115,0
17246,29124,AMMC019,unknown,L,114,881,0.12939841089670828,114,0
140787,548337,WED167,unknown,L,114,574,0.1986062717770035,114,0
126427,513052,DNg15,unknown,R,112,11153,0.010042141127947638,112,0
6025,16568,WED207,unknown,L,111,1135,0.09779735682819383,111,0
15083,26698,AMMC025,unknown,R,111,644,0.17236024844720496,0,111
92004,123422,WED167,unknown,L,111,793,0.13997477931904162,111,0
16181,27929,WED099,unknown,R,108,791,0.13653603034134007,0,108
7197,17872,WED202,unknown,R,107,810,0.13209876543209875,0,107
17629,29558,AMMC019,unknown,L,106,609,0.17405582922824303,95,11
17653,29584,AMMC019,unknown,L,106,634,0.167192429022082,92,14
48678,65522,AMMC005,unknown,L,106,464,0.22844827586206898,86,20
5875,16408,AMMC015,unknown,R,100,1070,0.09345794392523364,0,100
1195,11287,WED108,unknown,L,99,1820,0.0543956043956044,99,0
126674,513485,WEDPN14,unknown,L,99,549,0.18032786885245902,99,0
78753,104415,AMMC025,unknown,R,98,473,0.20718816067653276,0,98
14050,25537,WED204,unknown,L,97,558,0.17383512544802868,97,0
14201,25710,AMMC025,unknown,R,97,694,0.13976945244956773,0,97
18162,30153,AMMC019,unknown,R,97,592,0.16385135135135134,35,62
6295,16873,AMMC003,unknown,R,96,696,0.13793103448275862,32,64
144948,800845,DNp12,unknown,R,96,7318,0.013118338343809785,0,96
1190,11282,AMMC011,unknown,R,90,1234,0.07293354943273905,2,88
17870,29818,AMMC019,unknown,L,90,740,0.12162162162162163,80,10
130869,520655,WED208,unknown,L,90,1025,0.08780487804878048,90,0
135225,531945,AMMC026,unknown,R,90,494,0.18218623481781376,0,90
616,10664,DNp33,unknown,R,89,2283,0.03898379325448971,0,89
7966,18738,AMMC023,unknown,R,89,550,0.1618181818181818,0,89
14313,25831,WED083,unknown,R,89,535,0.16635514018691588,89,0
20003,32267,AMMC036,unknown,L,88,812,0.10837438423645321,88,0
131139,521235,AMMC014,unknown,L,88,726,0.12121212121212122,88,0
31090,44823,AMMC006,unknown,R,86,680,0.1264705882352941,9,77
130108,519314,AMMC004,unknown,R,86,515,0.1669902912621359,0,86
32797,46778,AMMC005,unknown,R,85,353,0.24079320113314448,77,8
126545,513258,AMMC020,unknown,R,85,614,0.13843648208469056,57,28
15177,26804,AMMC025,unknown,R,84,570,0.14736842105263157,0,84
5574,16073,AMMC035,unknown,L,82,572,0.14335664335664336,82,0
24140,36947,WED102,unknown,L,82,501,0.16367265469061876,82,0
1549,11661,WED208,unknown,R,81,2609,0.0310463779225757,0,81
16201,27950,AMMC019,unknown,R,80,640,0.125,42,38
137868,539215,AMMC019,unknown,R,80,987,0.08105369807497467,33,47
3290,13522,SAD051_b,unknown,L,79,1167,0.0676949443016281,79,0
133320,526708,WED204,unknown,L,78,612,0.12745098039215685,78,0
557,10598,WED191,unknown,M,74,4113,0.01799173352783856,74,0
2427,12594,WED069,unknown,L,74,2363,0.03131612357173085,74,0
15811,27517,AMMC025,unknown,R,73,556,0.13129496402877697,0,73
32291,46194,WEDPN8C,unknown,L,73,493,0.14807302231237324,73,0
36206,50726,AMMC005,unknown,R,72,317,0.22712933753943218,56,16
17735,29673,AMMC020,unknown,L,70,486,0.1440329218106996,58,12
96556,130761,AMMC005,unknown,R,70,264,0.26515151515151514,60,10
142601,556681,AMMC015,unknown,L,70,615,0.11382113821138211,70,0
127,10141,DNg15,unknown,L,69,9944,0.006938857602574417,0,69
7770,18521,AMMC023,unknown,L,69,831,0.08303249097472924,69,0
23810,36569,WEDPN8C,unknown,L,69,629,0.10969793322734499,69,0
65974,87162,AMMC002,unknown,R,69,517,0.13346228239845262,69,0
124636,333886,WED207,unknown,L,69,588,0.11734693877551021,69,0
899,10972,AMMC034_b,unknown,L,67,1294,0.0517774343122102,67,0
14737,26311,AMMC001,unknown,R,67,631,0.10618066561014262,49,18
33990,48158,AMMC007,unknown,R,67,309,0.2168284789644013,57,10
54913,73239,AMMC005,unknown,L,67,371,0.18059299191374664,23,44
77187,102266,AMMC025,unknown,R,67,631,0.10618066561014262,0,67
7293,17981,WED194,unknown,L,65,1454,0.04470426409903714,65,0
128875,517233,WED143_c,unknown,L,65,593,0.10961214165261383,65,0
1689,11811,WED207,unknown,L,64,963,0.06645898234683281,64,0
21635,34117,WED26,unknown,L,63,538,0.1171003717472119,63,0
9976,20996,AMMC036,unknown,L,62,703,0.08819345661450925,62,0
10617,21713,AMMC014,unknown,R,62,792,0.07828282828282829,0,62
15937,27660,WED204,unknown,L,62,545,0.11376146788990826,62,0
102634,141883,AMMC005,unknown,L,62,239,0.2594142259414226,12,50
134434,530356,WED143_c,unknown,L,62,600,0.10333333333333333,62,0
87009,115983,WEDPN8C,unknown,L,61,453,0.1346578366445916,61,0
131461,522302,SAD051_a,unknown,L,61,1129,0.054030115146147036,61,0
60385,80066,WEDPN8C,unknown,L,60,419,0.1431980906921241,60,0
11830,23046,WED056,unknown,L,58,1260,0.046031746031746035,58,0
82775,109982,WEDPN8C,unknown,L,58,538,0.10780669144981413,58,0
47120,63655,WED102,unknown,R,57,398,0.14321608040201006,0,57
61816,81849,AMMC005,unknown,L,57,278,0.20503597122302158,32,25
130240,519538,DNg24,unknown,R,57,2691,0.021181716833890748,9,48
72856,96320,WED102,unknown,L,55,408,0.13480392156862744,55,0
28657,42061,AMMC018,unknown,L,53,537,0.09869646182495345,50,3
42290,57861,WED143_d,unknown,L,53,703,0.07539118065433854,53,0
4561,14938,AMMC035,unknown,R,52,427,0.12177985948477751,0,52
4614,14995,WED205,unknown,L,52,661,0.07866868381240545,52,0
33727,47856,AMMC018,unknown,L,51,553,0.0922242314647378,44,7
34059,48236,AMMC005,unknown,L,51,328,0.15548780487804878,24,27
22451,35040,WED057,unknown,L,50,564,0.08865248226950355,50,0
1985,12124,WED191,unknown,M,49,3981,0.012308465209746294,49,0
35216,49576,WED143_d,unknown,L,48,710,0.0676056338028169,48,0
19658,31875,AMMC019,unknown,R,47,630,0.0746031746031746,14,33
84299,112103,WED103,unknown,L,47,436,0.10779816513761468,47,0
32977,46990,AMMC018,unknown,L,46,476,0.09663865546218488,46,0
111624,165202,WEDPN8B,unknown,L,46,147,0.3129251700680272,46,0
9742,20729,WED084,unknown,R,45,536,0.08395522388059702,45,0
5077,15513,WED106,unknown,L,44,1426,0.030855539971949508,41,3
28507,41887,WED167,unknown,R,44,692,0.06358381502890173,0,44
1932,12066,SAD051_a,unknown,L,43,936,0.045940170940170943,43,0
4506,14875,WED207,unknown,R,42,1011,0.04154302670623145,0,42
20080,32352,WED057,unknown,L,42,619,0.06785137318255251,42,0
8675,19532,WED206,unknown,L,41,729,0.056241426611796985,41,0
128027,515842,WED082,unknown,R,41,1134,0.036155202821869487,41,0
5047,15482,WED207,unknown,R,40,1012,0.039525691699604744,0,40
28692,42099,AMMC007,unknown,L,39,317,0.12302839116719243,7,32
66544,87929,WEDPN8C,unknown,R,39,627,0.06220095693779904,0,39
17691,29626,WEDPN8C,unknown,R,38,625,0.0608,0,38
63043,83377,WED098,unknown,L,38,768,0.049479166666666664,38,0
126864,513832,unknown,unknown,L,38,713,0.05329593267882188,38,0
2026,12168,WEDPN9,unknown,R,37,2700,0.013703703703703704,0,37
15343,26997,WEDPN8C,unknown,R,37,707,0.05233380480905234,0,37
33354,47421,AMMC018,unknown,R,37,578,0.06401384083044982,0,37
2008,12150,CB1542,unknown,R,36,1091,0.03299725022914757,0,36
29791,43350,WED26,unknown,L,36,570,0.06315789473684211,36,0
41454,56882,AMMC002,unknown,R,36,318,0.11320754716981132,35,1
125937,512124,AMMC015,unknown,R,36,573,0.06282722513089005,0,36
21792,34290,AMMC017,unknown,R,35,532,0.06578947368421052,35,0
22973,35625,AMMC018,unknown,R,35,442,0.07918552036199095,0,35
2638,12820,SAD051_b,unknown,L,34,1053,0.032288698955365625,34,0
12467,23764,WED082,unknown,R,34,845,0.040236686390532544,34,0
54799,73090,WEDPN8C,unknown,L,33,496,0.06653225806451613,33,0
95172,128514,AMMC002,unknown,R,33,219,0.1506849315068493,33,0
144045,580846,WED056,unknown,L,33,1283,0.025720966484801246,33,0
54927,73254,WED102,unknown,R,32,324,0.09876543209876543,0,32
61706,81710,WED167,unknown,L,32,631,0.05071315372424723,32,0
61879,81928,AMMC018,unknown,L,32,339,0.0943952802359882,32,0
129332,518039,WED055_a,unknown,L,32,1148,0.027874564459930314,32,0
137204,536298,WEDPN8B,unknown,L,32,177,0.1807909604519774,32,0
43655,59461,WED161,unknown,L,31,393,0.07888040712468193,31,0
68954,91150,AMMC017,unknown,R,31,392,0.07908163265306123,30,1
52,10065,DNb05,unknown,R,30,17684,0.0016964487672472292,0,30
67203,88802,AMMC036,unknown,R,30,549,0.0546448087431694,0,30
129164,517777,WED103,unknown,R,30,379,0.079155672823219,0,30
1907,12040,SAD051_a,unknown,R,29,883,0.03284258210645526,0,29
2100,12246,SAD051_b,unknown,R,29,988,0.029352226720647773,0,29
4549,14925,WED182,unknown,L,29,2599,0.011158137745286649,29,0
29352,42848,AMMC015,unknown,L,29,389,0.07455012853470437,29,0
47688,64345,AMMC018,unknown,L,29,521,0.05566218809980806,29,0
3238,13464,WED069,unknown,R,28,2787,0.010046645138141371,0,28
5483,15966,WED106,unknown,R,28,2007,0.013951170901843548,18,10
35867,50338,WEDPN8C,unknown,R,28,451,0.06208425720620843,0,28
44300,60254,WED106,unknown,L,28,1639,0.017083587553386213,28,0
127526,514957,AMMC036,unknown,R,28,623,0.0449438202247191,0,28
128662,516899,AMMC002,unknown,L,28,297,0.09427609427609428,0,28
139356,543768,AMMC002,unknown,L,28,286,0.0979020979020979,0,28
1555,11667,WED119,unknown,L,27,3743,0.007213465134918514,27,0
2301,12459,WED109,unknown,L,27,3430,0.007871720116618075,27,0
77071,102104,WED143_d,unknown,R,27,597,0.04522613065326633,0,27
2429,12596,AMMC009,unknown,R,26,1495,0.017391304347826087,13,13
25595,38593,AMMC019,unknown,R,26,635,0.04094488188976378,1,25
53865,71912,WEDPN8C,unknown,R,26,520,0.05,0,26
2370,12532,WED070,unknown,L,25,1680,0.01488095238095238,25,0
5037,15470,WED207,unknown,R,25,865,0.028901734104046242,0,25
7390,18089,AMMC035,unknown,L,25,505,0.04950495049504951,25,0
25795,38822,AMMC016,unknown,R,25,299,0.08361204013377926,23,2
34415,48638,WED167,unknown,R,24,755,0.031788079470198675,0,24
78390,103920,AMMC002,unknown,R,24,397,0.060453400503778336,24,0
79876,105922,WED103,unknown,L,24,327,0.07339449541284404,24,0
126378,512932,WED057,unknown,L,24,612,0.0392156862745098,24,0
128359,516422,WED031,unknown,L,24,978,0.024539877300613498,24,0
129995,519124,AMMC035,unknown,L,23,583,0.03945111492281304,23,0
130181,519454,WED210,unknown,L,23,3835,0.005997392438070404,23,0
5715,16231,CB1078,unknown,L,22,652,0.03374233128834356,22,0
7969,18741,WED083,unknown,L,22,458,0.048034934497816595,0,22
9400,20349,AMMC017,unknown,L,22,548,0.040145985401459854,7,15
128413,516500,WED206,unknown,L,22,792,0.027777777777777776,22,0
130172,519436,AMMC014,unknown,R,21,777,0.02702702702702703,0,21
9901,20907,WED098,unknown,R,20,1064,0.018796992481203006,0,20
31480,45279,AMMC018,unknown,R,20,327,0.06116207951070336,0,20
45183,61320,WED103,unknown,R,20,283,0.0706713780918728,0,20
68542,90589,AMMC035,unknown,L,20,452,0.04424778761061947,20,0
131354,521666,WED092,unknown,L,19,2292,0.008289703315881327,19,0
236,10257,AMMC-A1,unknown,L,18,8066,0.0022315893875526904,18,0
21615,34093,AMMC018,unknown,R,18,444,0.04054054054054054,0,18
22629,35238,AMMC016,unknown,R,18,314,0.05732484076433121,18,0
55686,74209,WED143_c,unknown,R,18,709,0.02538787023977433,0,18
124943,375366,WEDPN14,unknown,L,18,603,0.029850746268656716,18,0
134429,530346,WEDPN14,unknown,L,18,539,0.03339517625231911,18,0
726,10784,SAD051_b,unknown,R,17,808,0.02103960396039604,0,17
4116,14441,WED092,unknown,L,17,2817,0.006034788782392616,17,0
46325,62697,WED143_d,unknown,R,17,647,0.02627511591962906,0,17
67112,88678,WED103,unknown,R,17,326,0.05214723926380368,0,17
76222,100918,AMMC002,unknown,L,17,376,0.04521276595744681,0,17
104801,146374,WEDPN8B,unknown,L,17,179,0.09497206703910614,17,0
3769,14047,AMMC009,unknown,L,16,1144,0.013986013986013986,12,4
128360,516423,WED162,unknown,L,16,308,0.05194805194805195,16,0
5143,15591,WED082,unknown,L,15,964,0.015560165975103735,0,15
10829,21944,AMMC035,unknown,L,15,355,0.04225352112676056,15,0
25597,38597,AMMC020,unknown,R,15,493,0.030425963488843813,4,11
126689,513515,WED118,unknown,L,15,764,0.01963350785340314,15,0
5656,16166,WED082,unknown,L,14,944,0.014830508474576272,0,14
16918,28758,WED056,unknown,L,14,1359,0.010301692420897719,14,0
109343,157938,WED143_c,unknown,L,14,521,0.026871401151631478,14,0
128700,516954,WED118,unknown,L,14,814,0.0171990171990172,14,0
142620,556767,WED106,unknown,R,14,1859,0.007530930607853685,6,8
11160,22303,WED084,unknown,L,13,341,0.03812316715542522,0,13
14819,26402,WED055_a,unknown,R,13,1132,0.011484098939929329,0,13
15318,26968,WED031,unknown,L,13,421,0.030878859857482184,13,0
24384,37221,WED057,unknown,R,13,544,0.02389705882352941,0,13
24522,37380,AMMC016,unknown,L,13,305,0.04262295081967213,6,7
100860,138384,WED103,unknown,L,13,325,0.04,13,0
127467,514857,AMMC015,unknown,R,13,561,0.023172905525846704,0,13
3312,13546,SAD051_a,unknown,L,12,750,0.016,12,0
7285,17972,WED201,unknown,L,12,751,0.015978695073235686,12,0
7703,18443,AMMC023,unknown,R,12,762,0.015748031496062992,0,12
19678,31902,WED26,unknown,R,12,656,0.018292682926829267,0,12
22530,35128,WED057,unknown,L,12,564,0.02127659574468085,12,0
87566,116824,WED103,unknown,L,12,226,0.05309734513274336,12,0
125745,511754,AMMC001,unknown,L,12,413,0.029055690072639227,6,6
1209,11301,SAD051_b,unknown,R,11,753,0.014608233731739707,0,11
2679,12865,AMMC034_a,unknown,R,11,769,0.014304291287386216,0,11
3054,13263,WED108,unknown,R,11,1978,0.005561172901921132,0,11
9617,20591,WEDPN8C,unknown,R,11,546,0.020146520146520148,0,11
12403,23696,WEDPN1B,unknown,L,11,641,0.0171606864274571,11,0
15525,27202,WEDPN8C,unknown,R,11,528,0.020833333333333332,0,11
31850,45694,AMMC036,unknown,L,11,741,0.014844804318488529,11,0
34071,48252,WED162,unknown,L,11,274,0.040145985401459854,11,0
238,10259,DNp11,unknown,L,10,11640,0.000859106529209622,10,0
5103,15543,WEDPN5,unknown,L,10,2055,0.004866180048661801,10,0
26683,39815,AMMC016,unknown,L,10,375,0.02666666666666667,6,4
45323,61487,WED004,unknown,L,10,404,0.024752475247524754,10,0
100491,137685,WED103,unknown,L,10,358,0.027932960893854747,10,0
114983,179013,WEDPN8B,unknown,L,10,170,0.058823529411764705,10,0
118493,197318,WED103,unknown,L,10,207,0.04830917874396135,7,3
2880,13077,AMMC034_b,unknown,R,9,793,0.011349306431273645,0,9
24561,37426,WED201,unknown,R,9,829,0.010856453558504222,0,9
24706,37589,WED031,unknown,L,9,578,0.015570934256055362,9,0
100704,138086,WED004,unknown,L,9,394,0.02284263959390863,9,0
126838,513785,WED055_b,unknown,L,9,1086,0.008287292817679558,9,0
1229,11321,WED006,unknown,L,8,3522,0.002271436683702442,8,0
20973,33365,WEDPN14,unknown,R,8,580,0.013793103448275862,0,8
24307,37134,WED057,unknown,R,8,472,0.01694915254237288,0,8
26808,39963,AMMC015,unknown,R,8,392,0.02040816326530612,0,8
96023,129886,WEDPN8B,unknown,R,8,158,0.05063291139240506,0,8
130930,520792,WED104,unknown,L,8,7114,0.001124543154343548,8,0
132020,523876,WED204,unknown,R,8,569,0.014059753954305799,0,8
136268,534090,WED056,unknown,L,8,1179,0.006785411365564037,8,0
4012,14323,WED092,unknown,L,7,2531,0.002765705254839984,7,0
27888,41179,unknown,unknown,L,7,869,0.00805523590333717,7,0
127773,515420,WED092,unknown,L,7,2342,0.0029888983774551663,7,0
130062,519238,WED025,unknown,R,7,674,0.010385756676557863,0,7
142434,555502,WED194,unknown,R,7,1728,0.004050925925925926,0,7
613,10661,WED210,unknown,R,6,4498,0.0013339261894175188,0,6
3616,13878,AN17B008,unknown,L,6,2399,0.0025010421008753647,6,0
4539,14911,WED092,unknown,R,6,2856,0.0021008403361344537,6,0
6041,16584,WED016,unknown,L,6,1561,0.003843689942344651,6,0
11151,22293,WED032,unknown,L,6,372,0.016129032258064516,6,0
18254,30261,WED118,unknown,R,6,825,0.007272727272727273,0,6
46287,62650,WED098,unknown,L,6,848,0.007075471698113208,6,0
105738,148507,AMMC002,unknown,L,6,152,0.039473684210526314,0,6
1380,11477,LHPV6q1,unknown,R,5,7606,0.0006573757559821193,5,0
2176,12329,CB1078,unknown,R,5,440,0.011363636363636364,0,5
5726,16243,AMMC035,unknown,R,5,326,0.015337423312883436,0,5
6197,16759,AMMC035,unknown,R,5,256,0.01953125,0,5
86812,115707,WED143_a,unknown,L,5,499,0.01002004008016032,5,0
98207,133491,WEDPN8B,unknown,R,5,151,0.033112582781456956,0,5
107348,152462,AMMC017,unknown,L,5,230,0.021739130434782608,0,5
128637,516849,WED204,unknown,R,5,500,0.01,0,5
130667,520340,WED031,unknown,L,5,1300,0.0038461538461538464,5,0
133792,529078,WEDPN8B,unknown,R,5,162,0.030864197530864196,0,5
140984,549047,WED004,unknown,L,5,384,0.013020833333333334,5,0
12,10017,AMMC-A1,unknown,L,4,8679,0.0004608825901601567,4,0
5808,16329,AMMC035,unknown,R,4,359,0.011142061281337047,0,4
10296,21349,WED055_b,unknown,L,4,1355,0.002952029520295203,4,0
10900,22020,WED051,unknown,L,4,1101,0.0036330608537693005,4,0
23854,36621,WED032,unknown,L,4,350,0.011428571428571429,4,0
27045,40234,WED161,unknown,R,4,326,0.012269938650306749,0,4
29722,43273,WED143_c,unknown,L,4,609,0.006568144499178982,4,0
30096,43695,WED167,unknown,R,4,813,0.004920049200492005,0,4
32448,46376,AN17B002,unknown,L,4,2340,0.0017094017094017094,4,0
37693,52478,AMMC036,unknown,R,4,954,0.0041928721174004195,0,4
50712,68029,WED004,unknown,R,4,344,0.011627906976744186,0,4
52530,70264,WEDPN8B,unknown,R,4,160,0.025,0,4
75597,100084,WED004,unknown,R,4,447,0.008948545861297539,0,4
93759,126165,WEDPN8B,unknown,L,4,153,0.026143790849673203,4,0
106927,151404,WED103,unknown,R,4,252,0.015873015873015872,0,4
133791,529077,WED057,unknown,R,4,497,0.008048289738430584,0,4
255,10277,AMMC-A1,unknown,R,3,6493,0.00046203603881102723,0,3
8949,19837,WED016,unknown,R,3,1878,0.001597444089456869,3,0
10602,21697,WED205,unknown,R,3,588,0.00510204081632653,0,3
19693,31919,WED004,unknown,R,3,550,0.005454545454545455,0,3
20263,32554,WED26,unknown,R,3,659,0.004552352048558422,0,3
22525,35123,WED020_b,unknown,R,3,798,0.0037593984962406013,0,3
23821,36582,WED004,unknown,L,3,373,0.00804289544235925,3,0
26067,39134,WED057,unknown,L,3,540,0.005555555555555556,3,0
34330,48544,WED164,unknown,R,3,519,0.005780346820809248,0,3
40549,55794,WED101,unknown,R,3,436,0.006880733944954129,0,3
52097,69729,WED161,unknown,L,3,481,0.006237006237006237,3,0
67055,88600,WED103,unknown,R,3,211,0.014218009478672985,0,3
85218,113406,WED143_d,unknown,R,3,596,0.0050335570469798654,0,3
118207,195591,WEDPN17_c,unknown,L,3,382,0.007853403141361256,3,0
126169,512530,AN17B002,unknown,R,3,2060,0.0014563106796116505,2,1
127158,514324,WEDPN11,unknown,L,3,1780,0.0016853932584269663,3,0
128855,517202,WED165,unknown,L,3,2285,0.001312910284463895,3,0
129165,517778,WED103,unknown,R,3,224,0.013392857142857142,3,0
130870,520656,WED201,unknown,L,3,588,0.00510204081632653,3,0
15,10020,AMMC-A1,unknown,L,2,7985,0.0002504696305572949,2,0
223,10244,DNp55,unknown,L,2,8346,0.00023963575365444525,2,0
320,10347,LHPV6q1,unknown,L,2,7458,0.0002681684097613301,2,0
676,10728,WED116,unknown,L,2,8138,0.0002457606291472106,2,0
1545,11657,DNpe005,unknown,L,2,3218,0.0006215040397762585,2,0
6810,17449,WED206,unknown,R,2,876,0.00228310502283105,0,2
7247,17929,WED206,unknown,R,2,942,0.0021231422505307855,0,2
21576,34046,WED056,unknown,L,2,861,0.0023228803716608595,2,0
22098,34641,WED031,unknown,R,2,392,0.00510204081632653,0,2
22564,35168,WED095,unknown,L,2,859,0.002328288707799767,2,0
24325,37152,WED025,unknown,L,2,706,0.0028328611898017,2,0
31587,45404,WEDPN14,unknown,R,2,632,0.0031645569620253164,0,2
48455,65269,WED143_a,unknown,R,2,708,0.002824858757062147,0,2
62525,82720,WED117,unknown,L,2,1663,0.0012026458208057728,2,0
68037,89902,WED164,unknown,L,2,338,0.005917159763313609,2,0
93002,124973,WED143_a,unknown,R,2,701,0.0028530670470756064,0,2
97284,131926,WED143_b,unknown,L,2,424,0.0047169811320754715,2,0
104553,145832,WED143_c,unknown,L,2,297,0.006734006734006734,2,0
109709,159008,WED143_b,unknown,L,2,475,0.004210526315789474,2,0
134081,529634,CB1464,unknown,L,2,448,0.004464285714285714,2,0
136305,534149,WED118,unknown,L,2,677,0.0029542097488921715,2,0
136909,535523,WED031,unknown,R,2,1103,0.001813236627379873,0,2
475,10512,ANXXX109,unknown,R,1,1425,0.0007017543859649122,1,0
545,10584,DNp06,unknown,R,1,19404,5.1535765821480104e-05,0,1
660,10709,WED193,unknown,R,1,5564,0.00017972681524083394,0,1
770,10831,WED195,unknown,R,1,4061,0.0002462447672986949,1,0
1184,11275,CB1078,unknown,L,1,446,0.002242152466367713,1,0
2668,12852,WED187,unknown,M,1,2388,0.0004187604690117253,1,0
3328,13563,WEDPN12,unknown,R,1,3186,0.00031387319522912746,0,1
3699,13969,WED070,unknown,R,1,2193,0.00045599635202918376,0,1
4823,15225,WED072,unknown,L,1,3011,0.00033211557622052476,1,0
7751,18499,WED146_a,unknown,L,1,1691,0.0005913660555884093,1,0
12663,23981,WED159,unknown,L,1,545,0.001834862385321101,1,0
12749,24079,WED045,unknown,L,1,1321,0.000757002271006813,1,0
13433,24852,WED025,unknown,L,1,708,0.0014124293785310734,1,0
16104,27841,WED056,unknown,R,1,1194,0.0008375209380234506,0,1
17038,28893,WED031,unknown,R,1,662,0.0015105740181268882,0,1
18549,30597,WED166_d,unknown,R,1,1005,0.0009950248756218905,0,1
19617,31829,WED056,unknown,L,1,893,0.0011198208286674132,1,0
20311,32609,WED030_a,unknown,L,1,773,0.00129366106080207,1,0
20654,33008,AMMC020,unknown,R,1,478,0.0020920502092050207,0,1
20793,33168,WED057,unknown,L,1,662,0.0015105740181268882,1,0
21213,33636,WEDPN2A,unknown,L,1,548,0.0018248175182481751,1,0
21528,33991,WED004,unknown,L,1,287,0.003484320557491289,1,0
22051,34587,WED166_a,unknown,L,1,1409,0.0007097232079489,1,0
23958,36739,WED031,unknown,R,1,388,0.002577319587628866,0,1
29739,43290,WED030_a,unknown,R,1,564,0.0017730496453900709,0,1
30536,44199,WED143_b,unknown,R,1,490,0.0020408163265306124,0,1
30744,44432,WED004,unknown,R,1,335,0.0029850746268656717,0,1
36525,51094,WED032,unknown,L,1,372,0.002688172043010753,1,0
53418,71362,CB1464,unknown,R,1,556,0.0017985611510791368,0,1
116303,185469,WEDPN8B,unknown,R,1,158,0.006329113924050633,0,1
126673,513484,WED025,unknown,L,1,794,0.0012594458438287153,1,0
127921,515676,WED002,unknown,R,1,395,0.002531645569620253,0,1
131746,523020,WED101,unknown,L,1,412,0.0024271844660194173,1,0
134305,530084,CB1464,unknown,L,1,461,0.0021691973969631237,1,0
137529,537387,WED162,unknown,L,1,315,0.0031746031746031746,1,0
139559,544278,WED143_a,unknown,L,1,611,0.0016366612111292963,1,0
164132,923203,DNpe005,unknown,R,1,3149,0.00031756113051762465,1,0
