bodyId,node_index,type,instance,rootSide,somaSide,entryNerve,superclass,class,subclass,synonyms,hemibrainType,flywireType,nt_consensus_nt,internal_output_synapses,JO_family
27139,15467,JO-ED2_a,JO-ED2_a_R,R,unknown,AN,cb_sensory,mechanosensory,wind_gravity,unknown,unknown,JO-ED2_a,acetylcholine,562,JO-E
32912,20567,JO-EV6,JO-EV6_L,L,unknown,AN,cb_sensory,mechanosensory,wind_gravity,unknown,unknown,JO-EV6,acetylcholine,934,JO-E
33970,21508,JO-EV1,JO-EV1_L,L,unknown,AN,cb_sensory,mechanosensory,wind_gravity,unknown,unknown,JO-EV1,acetylcholine,880,JO-E
34388,21878,JO-EV1,JO-EV1_L,L,unknown,AN,cb_sensory,mechanosensory,wind_gravity,unknown,unknown,JO-EV1,acetylcholine,493,JO-E
35332,22711,JO-EV2,JO-EV2_L,L,unknown,AN,cb_sensory,mechanosensory,wind_gravity,unknown,unknown,JO-EV2,acetylcholine,834,JO-E
38727,25706,JO-EV3,JO-EV3_L,L,unknown,AN,cb_sensory,mechanosensory,wind_gravity,unknown,unknown,JO-EV3,acetylcholine,1026,JO-E
42121,28713,JO-ED2_c,JO-ED2_c_L,L,unknown,AN,cb_sensory,mechanosensory,wind_gravity,unknown,unknown,JO-ED2_c,acetylcholine,1052,JO-E
49513,35162,JO-ED2_a,JO-ED2_a_L,L,unknown,AN,cb_sensory,mechanosensory,wind_gravity,unknown,unknown,JO-ED2_a,acetylcholine,806,JO-E
51029,36468,JO-ED2_c,JO-ED2_c_L,L,unknown,AN,cb_sensory,mechanosensory,wind_gravity,unknown,unknown,JO-ED2_c,acetylcholine,881,JO-E
55759,40521,JO-EV1,JO-EV1_L,L,unknown,AN,cb_sensory,mechanosensory,wind_gravity,unknown,unknown,JO-EV1,acetylcholine,597,JO-E
60534,44531,JO-EV3,JO-EV3_L,L,unknown,AN,cb_sensory,mechanosensory,wind_gravity,unknown,unknown,JO-EV3,acetylcholine,881,JO-E
62434,46109,JO-CL,JO-CL_L,L,unknown,AN,cb_sensory,mechanosensory,wind_gravity,unknown,unknown,JO-CL,acetylcholine,373,JO-C
62868,46468,JO-EV3,JO-EV3_L,L,unknown,AN,cb_sensory,mechanosensory,wind_gravity,unknown,unknown,JO-EV3,acetylcholine,1004,JO-E
64293,47647,JO-ED2_b,JO-ED2_b_L,L,unknown,AN,cb_sensory,mechanosensory,wind_gravity,unknown,unknown,JO-ED2_b,acetylcholine,964,JO-E
65100,48317,JO-CL,JO-CL_L,L,unknown,AN,cb_sensory,mechanosensory,wind_gravity,unknown,unknown,JO-CL,acetylcholine,371,JO-C
66302,49317,JO-EV6,JO-EV6_L,L,unknown,AN,cb_sensory,mechanosensory,wind_gravity,unknown,unknown,JO-EV6,acetylcholine,882,JO-E
67186,50043,JO-EV6,JO-EV6_L,L,unknown,AN,cb_sensory,mechanosensory,wind_gravity,unknown,unknown,JO-EV6,acetylcholine,646,JO-E
68291,50926,JO-CM,JO-CM_L,L,unknown,AN,cb_sensory,mechanosensory,unknown,unknown,unknown,JO-CM,acetylcholine,841,JO-C
68750,51301,JO-ED2_b,JO-ED2_b_L,L,unknown,AN,cb_sensory,mechanosensory,wind_gravity,unknown,unknown,JO-ED2_b,acetylcholine,1067,JO-E
69797,52152,JO-CM,JO-CM_L,L,unknown,AN,cb_sensory,mechanosensory,wind_gravity,unknown,unknown,JO-CM,acetylcholine,684,JO-C
71352,53408,JO-EV2,JO-EV2_L,L,unknown,AN,cb_sensory,mechanosensory,wind_gravity,unknown,unknown,JO-EV2,acetylcholine,607,JO-E
73005,54732,JO-EV3,JO-EV3_L,L,unknown,AN,cb_sensory,mechanosensory,wind_gravity,unknown,unknown,JO-EV3,acetylcholine,922,JO-E
74384,55823,JO-EV1,JO-EV1_L,L,unknown,AN,cb_sensory,mechanosensory,wind_gravity,unknown,unknown,JO-EV1,acetylcholine,937,JO-E
75373,56631,JO-CL,JO-CL_L,L,unknown,AN,cb_sensory,mechanosensory,wind_gravity,unknown,unknown,JO-CL,acetylcholine,408,JO-C
75970,57125,JO-EV3,JO-EV3_L,L,unknown,AN,cb_sensory,mechanosensory,wind_gravity,unknown,unknown,JO-EV3,acetylcholine,943,JO-E
77185,58119,JO-EV3,JO-EV3_R,R,unknown,AN,cb_sensory,mechanosensory,wind_gravity,unknown,unknown,JO-EV3,acetylcholine,1246,JO-E
77273,58192,JO-EV3,JO-EV3_L,L,unknown,AN,cb_sensory,mechanosensory,wind_gravity,unknown,unknown,JO-EV3,acetylcholine,1072,JO-E
77370,58276,JO-EV2,JO-EV2_L,L,unknown,AN,cb_sensory,mechanosensory,wind_gravity,unknown,unknown,JO-EV2,acetylcholine,901,JO-E
77969,58725,JO-EV1,JO-EV1_L,L,unknown,AN,cb_sensory,mechanosensory,wind_gravity,unknown,unknown,JO-EV1,acetylcholine,844,JO-E
79237,59728,JO-EV1,JO-EV1_L,L,unknown,AN,cb_sensory,mechanosensory,wind_gravity,unknown,unknown,JO-EV1,acetylcholine,914,JO-E
79513,59947,JO-EV3,JO-EV3_L,L,unknown,AN,cb_sensory,mechanosensory,wind_gravity,unknown,unknown,JO-EV3,acetylcholine,840,JO-E
80492,60729,JO-EV1,JO-EV1_L,L,unknown,AN,cb_sensory,mechanosensory,wind_gravity,unknown,unknown,JO-EV1,acetylcholine,878,JO-E
81376,61454,JO-EV1,JO-EV1_L,L,unknown,AN,cb_sensory,mechanosensory,wind_gravity,unknown,unknown,JO-EV1,acetylcholine,634,JO-E
82178,62084,JO-ED2_c,JO-ED2_c_L,L,unknown,AN,cb_sensory,mechanosensory,wind_gravity,unknown,unknown,JO-ED2_c,acetylcholine,1068,JO-E
82928,62692,JO-ED2_b,JO-ED2_b_L,L,unknown,AN,cb_sensory,mechanosensory,wind_gravity,unknown,unknown,JO-ED2_b,acetylcholine,649,JO-E
83648,63254,JO-ED1,JO-ED1_L,L,unknown,AN,cb_sensory,mechanosensory,wind_gravity,unknown,unknown,JO-ED1,acetylcholine,656,JO-E
83741,63331,JO-CL,JO-CL_L,L,unknown,AN,cb_sensory,mechanosensory,wind_gravity,unknown,unknown,JO-CL,acetylcholine,405,JO-C
84153,63655,JO-CL,JO-CL_L,L,unknown,AN,cb_sensory,mechanosensory,wind_gravity,unknown,unknown,JO-CL,acetylcholine,434,JO-C
84184,63680,JO-CM,JO-CM_L,L,unknown,AN,cb_sensory,mechanosensory,wind_gravity,unknown,unknown,JO-CM,acetylcholine,740,JO-C
85904,65014,JO-ED2_a,JO-ED2_a_L,L,unknown,AN,cb_sensory,mechanosensory,wind_gravity,unknown,unknown,JO-ED2_a,acetylcholine,530,JO-E
86133,65186,JO-EV3,JO-EV3_L,L,unknown,AN,cb_sensory,mechanosensory,wind_gravity,unknown,unknown,JO-EV3,acetylcholine,944,JO-E
86281,65302,JO-EV5,JO-EV5_L,L,unknown,AN,cb_sensory,mechanosensory,wind_gravity,unknown,unknown,JO-EV5,acetylcholine,1074,JO-E
87594,66293,JO-EV1,JO-EV1_L,L,unknown,AN,cb_sensory,mechanosensory,wind_gravity,unknown,unknown,JO-EV1,acetylcholine,904,JO-E
87778,66427,JO-CL,JO-CL_L,L,unknown,AN,cb_sensory,mechanosensory,wind_gravity,unknown,unknown,JO-CL,acetylcholine,370,JO-C
89017,67369,JO-EV2,JO-EV2_L,L,unknown,AN,cb_sensory,mechanosensory,wind_gravity,unknown,unknown,JO-EV2,acetylcholine,1047,JO-E
89103,67431,JO-EV1,JO-EV1_L,L,unknown,AN,cb_sensory,mechanosensory,wind_gravity,unknown,unknown,JO-EV1,acetylcholine,947,JO-E
90773,68681,JO-ED1,JO-ED1_L,L,unknown,AN,cb_sensory,mechanosensory,wind_gravity,unknown,unknown,JO-ED1,acetylcholine,554,JO-E
92035,69615,JO-EV3,JO-EV3_L,L,unknown,AN,cb_sensory,mechanosensory,wind_gravity,unknown,unknown,JO-EV3,acetylcholine,708,JO-E
92768,70174,JO-CL,JO-CL_L,L,unknown,AN,cb_sensory,mechanosensory,wind_gravity,unknown,unknown,JO-CL,acetylcholine,324,JO-C
93165,70481,JO-EV3,JO-EV3_R,R,unknown,AN,cb_sensory,mechanosensory,wind_gravity,unknown,unknown,JO-EV3,acetylcholine,833,JO-E
93383,70654,JO-EV2,JO-EV2_L,L,unknown,AN,cb_sensory,mechanosensory,wind_gravity,unknown,unknown,JO-EV2,acetylcholine,933,JO-E
94723,71652,JO-EV6,JO-EV6_L,L,unknown,AN,cb_sensory,mechanosensory,wind_gravity,unknown,unknown,JO-EV6,acetylcholine,677,JO-E
95144,71972,JO-EV3,JO-EV3_L,L,unknown,AN,cb_sensory,mechanosensory,wind_gravity,unknown,unknown,JO-EV3,acetylcholine,1017,JO-E
95994,72620,JO-EV3,JO-EV3_R,R,unknown,AN,cb_sensory,mechanosensory,wind_gravity,unknown,unknown,JO-EV3,acetylcholine,1016,JO-E
96418,72922,JO-EV5,JO-EV5_L,L,unknown,AN,cb_sensory,mechanosensory,wind_gravity,unknown,unknown,JO-EV5,acetylcholine,907,JO-E
97025,73359,JO-EV2,JO-EV2_L,L,unknown,AN,cb_sensory,mechanosensory,wind_gravity,unknown,unknown,JO-EV2,acetylcholine,949,JO-E
97354,73615,JO-CA2,JO-CA2_L,L,unknown,AN,cb_sensory,mechanosensory,auditory,unknown,unknown,JO-CA2,acetylcholine,409,JO-C
98485,74422,JO-ED2_b,JO-ED2_b_L,L,unknown,AN,cb_sensory,mechanosensory,wind_gravity,unknown,unknown,JO-ED2_b,acetylcholine,976,JO-E
98583,74493,JO-EV3,JO-EV3_L,L,unknown,AN,cb_sensory,mechanosensory,wind_gravity,unknown,unknown,JO-EV3,acetylcholine,1011,JO-E
98638,74529,JO-EV1,JO-EV1_L,L,unknown,AN,cb_sensory,mechanosensory,wind_gravity,unknown,unknown,JO-EV1,acetylcholine,845,JO-E
99367,75066,JO-CA2,JO-CA2_L,L,unknown,AN,cb_sensory,mechanosensory,wind_gravity,unknown,unknown,JO-CA2,acetylcholine,521,JO-C
100487,75903,JO-ED2_a,JO-ED2_a_L,L,unknown,AN,cb_sensory,mechanosensory,wind_gravity,unknown,unknown,JO-ED2_a,acetylcholine,574,JO-E
101240,76449,JO-ED1,JO-ED1_L,L,unknown,AN,cb_sensory,mechanosensory,wind_gravity,unknown,unknown,JO-ED1,acetylcholine,502,JO-E
101279,76482,JO-EV5,JO-EV5_L,L,unknown,AN,cb_sensory,mechanosensory,wind_gravity,unknown,unknown,JO-EV5,acetylcholine,988,JO-E
101548,76678,JO-EV5,JO-EV5_L,L,unknown,AN,cb_sensory,mechanosensory,wind_gravity,unknown,unknown,JO-EV5,acetylcholine,982,JO-E
101797,76847,JO-EV5,JO-EV5_L,L,unknown,AN,cb_sensory,mechanosensory,wind_gravity,unknown,unknown,JO-EV5,acetylcholine,1029,JO-E
104113,78529,JO-ED2_b,JO-ED2_b_L,L,unknown,AN,cb_sensory,mechanosensory,wind_gravity,unknown,unknown,JO-ED2_b,acetylcholine,870,JO-E
107672,81109,JO-EV5,JO-EV5_L,L,unknown,AN,cb_sensory,mechanosensory,wind_gravity,unknown,unknown,JO-EV5,acetylcholine,973,JO-E
107847,81240,JO-CL,JO-CL_L,L,unknown,AN,cb_sensory,mechanosensory,wind_gravity,unknown,unknown,JO-CL,acetylcholine,368,JO-C
108298,81558,JO-CM,JO-CM_L,L,unknown,AN,cb_sensory,mechanosensory,unknown,unknown,unknown,JO-CM,acetylcholine,768,JO-C
109189,82211,JO-CM,JO-CM_L,L,unknown,AN,cb_sensory,mechanosensory,unknown,unknown,unknown,JO-CM,acetylcholine,768,JO-C
111529,83870,JO-EV1,JO-EV1_L,L,unknown,AN,cb_sensory,mechanosensory,wind_gravity,unknown,unknown,JO-EV1,acetylcholine,871,JO-E
112427,84527,JO-ED1,JO-ED1_L,L,unknown,AN,cb_sensory,mechanosensory,wind_gravity,unknown,unknown,JO-ED1,acetylcholine,459,JO-E
112824,84804,JO-ED1,JO-ED1_L,L,unknown,AN,cb_sensory,mechanosensory,wind_gravity,unknown,unknown,JO-ED1,acetylcholine,518,JO-E
113345,85176,JO-EV3,JO-EV3_L,L,unknown,AN,cb_sensory,mechanosensory,wind_gravity,unknown,unknown,JO-EV3,acetylcholine,1204,JO-E
115392,86596,JO-ED2_a,JO-ED2_a_L,L,unknown,AN,cb_sensory,mechanosensory,wind_gravity,unknown,unknown,JO-ED2_a,acetylcholine,667,JO-E
116906,87624,JO-CA2,JO-CA2_L,L,unknown,AN,cb_sensory,mechanosensory,auditory,unknown,unknown,JO-CA2,acetylcholine,445,JO-C
117698,88184,JO-EV1,JO-EV1_L,L,unknown,AN,cb_sensory,mechanosensory,wind_gravity,unknown,unknown,JO-EV1,acetylcholine,663,JO-E
118191,88521,JO-ED2_a,JO-ED2_a_L,L,unknown,AN,cb_sensory,mechanosensory,wind_gravity,unknown,unknown,JO-ED2_a,acetylcholine,367,JO-E
119378,89328,JO-EV1,JO-EV1_L,L,unknown,AN,cb_sensory,mechanosensory,wind_gravity,unknown,unknown,JO-EV1,acetylcholine,895,JO-E
119531,89420,JO-EV6,JO-EV6_L,L,unknown,AN,cb_sensory,mechanosensory,wind_gravity,unknown,unknown,JO-EV6,acetylcholine,797,JO-E
121251,90549,JO-CA2,JO-CA2_L,L,unknown,AN,cb_sensory,mechanosensory,wind_gravity,unknown,unknown,JO-CA2,acetylcholine,462,JO-C
122731,91546,JO-EV3,JO-EV3_R,R,unknown,AN,cb_sensory,mechanosensory,wind_gravity,unknown,unknown,JO-EV3,acetylcholine,533,JO-E
123879,92293,JO-EV1,JO-EV1_L,L,unknown,AN,cb_sensory,mechanosensory,wind_gravity,unknown,unknown,JO-EV1,acetylcholine,711,JO-E
126081,93699,JO-EV1,JO-EV1_L,L,unknown,AN,cb_sensory,mechanosensory,wind_gravity,unknown,unknown,JO-EV1,acetylcholine,517,JO-E
126511,93969,JO-EV5,JO-EV5_L,L,unknown,AN,cb_sensory,mechanosensory,wind_gravity,unknown,unknown,JO-EV5,acetylcholine,558,JO-E
126654,94061,JO-EV6,JO-EV6_L,L,unknown,AN,cb_sensory,mechanosensory,wind_gravity,unknown,unknown,JO-EV6,acetylcholine,885,JO-E
126689,94083,JO-EV1,JO-EV1_R,R,unknown,AN,cb_sensory,mechanosensory,wind_gravity,unknown,unknown,JO-EV1,acetylcholine,822,JO-E
126859,94181,JO-ED2_c,JO-ED2_c_L,L,unknown,AN,cb_sensory,mechanosensory,wind_gravity,unknown,unknown,JO-ED2_c,acetylcholine,659,JO-E
128729,95311,JO-EV3,JO-EV3_L,L,unknown,AN,cb_sensory,mechanosensory,wind_gravity,unknown,unknown,JO-EV3,acetylcholine,802,JO-E
130622,96475,JO-EV4,JO-EV4_L,L,unknown,AN,cb_sensory,mechanosensory,wind_gravity,unknown,unknown,JO-EV4,acetylcholine,542,JO-E
133527,98228,JO-CL,JO-CL_L,L,unknown,AN,cb_sensory,mechanosensory,wind_gravity,unknown,unknown,JO-CL,acetylcholine,267,JO-C
133748,98355,JO-ED2_a,JO-ED2_a_L,L,unknown,AN,cb_sensory,mechanosensory,wind_gravity,unknown,unknown,JO-ED2_a,acetylcholine,479,JO-E
138403,100872,JO-EV2,JO-EV2_L,L,unknown,AN,cb_sensory,mechanosensory,wind_gravity,unknown,unknown,JO-EV2,acetylcholine,931,JO-E
140357,101880,JO-CL,JO-CL_L,L,unknown,AN,cb_sensory,mechanosensory,wind_gravity,unknown,unknown,JO-CL,acetylcholine,341,JO-C
141266,102320,JO-CA1,JO-CA1_L,L,unknown,AN,cb_sensory,mechanosensory,wind_gravity,unknown,unknown,JO-CA1,acetylcholine,396,JO-C
142804,103083,JO-EV6,JO-EV6_L,L,unknown,AN,cb_sensory,mechanosensory,wind_gravity,unknown,unknown,JO-EV6,acetylcholine,868,JO-E
142818,103092,JO-CM,JO-CM_L,L,unknown,AN,cb_sensory,mechanosensory,unknown,unknown,unknown,JO-CM,acetylcholine,763,JO-C
145000,104167,JO-CL,JO-CL_L,L,unknown,AN,cb_sensory,mechanosensory,wind_gravity,unknown,unknown,JO-CL,acetylcholine,414,JO-C
145198,104258,JO-EV6,JO-EV6_L,L,unknown,AN,cb_sensory,mechanosensory,wind_gravity,unknown,unknown,JO-EV6,acetylcholine,664,JO-E
147029,105102,JO-EV2,JO-EV2_L,L,unknown,AN,cb_sensory,mechanosensory,wind_gravity,unknown,unknown,JO-EV2,acetylcholine,520,JO-E
148451,105716,JO-ED2_a,JO-ED2_a_L,L,unknown,AN,cb_sensory,mechanosensory,wind_gravity,unknown,unknown,JO-ED2_a,acetylcholine,644,JO-E
155912,108652,JO-EV2,JO-EV2_L,L,unknown,AN,cb_sensory,mechanosensory,wind_gravity,unknown,unknown,JO-EV2,acetylcholine,735,JO-E
156929,109001,JO-EV1,JO-EV1_L,L,unknown,AN,cb_sensory,mechanosensory,wind_gravity,unknown,unknown,JO-EV1,acetylcholine,920,JO-E
159517,109894,JO-ED2_c,JO-ED2_c_L,L,unknown,AN,cb_sensory,mechanosensory,wind_gravity,unknown,unknown,JO-ED2_c,acetylcholine,579,JO-E
162684,110881,JO-EV1,JO-EV1_L,L,unknown,AN,cb_sensory,mechanosensory,wind_gravity,unknown,unknown,JO-EV1,acetylcholine,588,JO-E
163625,111149,JO-EV2,JO-EV2_L,L,unknown,AN,cb_sensory,mechanosensory,wind_gravity,unknown,unknown,JO-EV2,acetylcholine,480,JO-E
169407,112765,JO-EV1,JO-EV1_L,L,unknown,AN,cb_sensory,mechanosensory,wind_gravity,unknown,unknown,JO-EV1,acetylcholine,509,JO-E
171008,113161,JO-CA1,JO-CA1_L,L,unknown,AN,cb_sensory,mechanosensory,auditory,unknown,unknown,JO-CA1,acetylcholine,357,JO-C
174217,113927,JO-ED2_b,JO-ED2_b_R,R,unknown,AN,cb_sensory,mechanosensory,wind_gravity,unknown,unknown,JO-ED2_b,acetylcholine,591,JO-E
176004,114356,JO-EV3,JO-EV3_L,L,unknown,AN,cb_sensory,mechanosensory,wind_gravity,unknown,unknown,JO-EV3,acetylcholine,1196,JO-E
181666,115508,JO-ED2_a,JO-ED2_a_L,L,unknown,AN,cb_sensory,mechanosensory,wind_gravity,unknown,unknown,JO-ED2_a,acetylcholine,533,JO-E
190501,117239,JO-ED2_a,JO-ED2_a_L,L,unknown,AN,cb_sensory,mechanosensory,wind_gravity,unknown,unknown,JO-ED2_a,acetylcholine,561,JO-E
192450,117609,JO-CM,JO-CM_L,L,unknown,AN,cb_sensory,mechanosensory,wind_gravity,unknown,unknown,JO-CM,acetylcholine,892,JO-C
194348,117962,JO-EV2,JO-EV2_L,L,unknown,AN,cb_sensory,mechanosensory,wind_gravity,unknown,unknown,JO-EV2,acetylcholine,362,JO-E
196804,118398,JO-EV3,JO-EV3_R,R,unknown,AN,cb_sensory,mechanosensory,wind_gravity,unknown,unknown,JO-EV3,acetylcholine,1253,JO-E
200535,119016,JO-ED2_c,JO-ED2_c_R,R,unknown,AN,cb_sensory,mechanosensory,wind_gravity,unknown,unknown,JO-ED2_c,acetylcholine,848,JO-E
207190,119963,JO-ED2_a,JO-ED2_a_L,L,unknown,AN,cb_sensory,mechanosensory,wind_gravity,unknown,unknown,JO-ED2_a,acetylcholine,415,JO-E
208968,120183,JO-EV3,JO-EV3_L,L,unknown,AN,cb_sensory,mechanosensory,wind_gravity,unknown,unknown,JO-EV3,acetylcholine,500,JO-E
210632,120421,JO-ED2_c,JO-ED2_c_L,L,unknown,AN,cb_sensory,mechanosensory,wind_gravity,unknown,unknown,JO-ED2_c,acetylcholine,855,JO-E
211443,120527,JO-EV6,JO-EV6_R,R,unknown,AN,cb_sensory,mechanosensory,wind_gravity,unknown,unknown,JO-EV6,acetylcholine,181,JO-E
213338,120755,JO-CA1,JO-CA1_R,R,unknown,AN,cb_sensory,mechanosensory,wind_gravity,unknown,unknown,JO-CA1,acetylcholine,192,JO-C
215110,120979,JO-ED2_a,JO-ED2_a_L,L,unknown,AN,cb_sensory,mechanosensory,wind_gravity,unknown,unknown,JO-ED2_a,acetylcholine,401,JO-E
217036,121186,JO-EV5,JO-EV5_L,L,unknown,AN,cb_sensory,mechanosensory,wind_gravity,unknown,unknown,JO-EV5,acetylcholine,758,JO-E
218203,121306,JO-EV6,JO-EV6_L,L,unknown,AN,cb_sensory,mechanosensory,wind_gravity,unknown,unknown,JO-EV6,acetylcholine,650,JO-E
219501,121436,JO-EV1,JO-EV1_L,L,unknown,AN,cb_sensory,mechanosensory,wind_gravity,unknown,unknown,JO-EV1,acetylcholine,454,JO-E
220799,121555,JO-CL,JO-CL_L,L,unknown,AN,cb_sensory,mechanosensory,wind_gravity,unknown,unknown,JO-CL,acetylcholine,440,JO-C
223861,121847,JO-CM,JO-CM_L,L,unknown,AN,cb_sensory,mechanosensory,wind_gravity,unknown,unknown,JO-CM,acetylcholine,658,JO-C
225878,122005,JO-CA2,JO-CA2_L,L,unknown,AN,cb_sensory,mechanosensory,auditory,unknown,unknown,JO-CA2,acetylcholine,355,JO-C
235133,122596,JO-CM,JO-CM_R,R,unknown,AN,cb_sensory,mechanosensory,wind_gravity,unknown,unknown,JO-CM,acetylcholine,234,JO-C
235763,122626,JO-ED1,JO-ED1_R,R,unknown,AN,cb_sensory,mechanosensory,wind_gravity,unknown,unknown,JO-ED1,acetylcholine,244,JO-E
238938,122787,JO-EV2,JO-EV2_L,L,unknown,AN,cb_sensory,mechanosensory,wind_gravity,unknown,unknown,JO-EV2,acetylcholine,591,JO-E
241065,122877,JO-ED1,JO-ED1_L,L,unknown,AN,cb_sensory,mechanosensory,wind_gravity,unknown,unknown,JO-ED1,acetylcholine,327,JO-E
241662,122906,JO-ED2_a,JO-ED2_a_L,L,unknown,AN,cb_sensory,mechanosensory,wind_gravity,unknown,unknown,JO-ED2_a,acetylcholine,440,JO-E
242202,122934,JO-EV6,JO-EV6_R,R,unknown,AN,cb_sensory,mechanosensory,wind_gravity,unknown,unknown,JO-EV6,acetylcholine,83,JO-E
243520,122990,JO-ED2_b,JO-ED2_b_L,L,unknown,AN,cb_sensory,mechanosensory,wind_gravity,unknown,unknown,JO-ED2_b,acetylcholine,526,JO-E
244217,123011,JO-ED2_c,JO-ED2_c_R,R,unknown,AN,cb_sensory,mechanosensory,wind_gravity,unknown,unknown,JO-ED2_c,acetylcholine,550,JO-E
252053,123303,JO-ED2_a,JO-ED2_a_L,L,unknown,AN,cb_sensory,mechanosensory,wind_gravity,unknown,unknown,JO-ED2_a,acetylcholine,551,JO-E
256622,123436,JO-ED2_b,JO-ED2_b_L,L,unknown,AN,cb_sensory,mechanosensory,wind_gravity,unknown,unknown,JO-ED2_b,acetylcholine,537,JO-E
259400,123520,JO-EV1,JO-EV1_R,R,unknown,AN,cb_sensory,mechanosensory,wind_gravity,unknown,unknown,JO-EV1,acetylcholine,82,JO-E
260581,123552,JO-EV1,JO-EV1_L,L,unknown,AN,cb_sensory,mechanosensory,wind_gravity,unknown,unknown,JO-EV1,acetylcholine,893,JO-E
261211,123566,JO-CA1,JO-CA1_L,L,unknown,AN,cb_sensory,mechanosensory,auditory,unknown,unknown,JO-CA1,acetylcholine,323,JO-C
263492,123630,JO-CM,JO-CM_L,L,unknown,AN,cb_sensory,mechanosensory,unknown,unknown,unknown,JO-CM,acetylcholine,356,JO-C
265416,123663,JO-EV1,JO-EV1_L,L,unknown,AN,cb_sensory,mechanosensory,wind_gravity,unknown,unknown,JO-EV1,acetylcholine,827,JO-E
275117,123865,JO-EV6,JO-EV6_L,L,unknown,AN,cb_sensory,mechanosensory,wind_gravity,unknown,unknown,JO-EV6,acetylcholine,736,JO-E
276829,123905,JO-EV1,JO-EV1_L,L,unknown,AN,cb_sensory,mechanosensory,wind_gravity,unknown,unknown,JO-EV1,acetylcholine,611,JO-E
277683,123918,JO-CA2,JO-CA2_L,L,unknown,AN,cb_sensory,mechanosensory,wind_gravity,unknown,unknown,JO-CA2,acetylcholine,519,JO-C
277760,123921,JO-ED2_a,JO-ED2_a_L,L,unknown,AN,cb_sensory,mechanosensory,wind_gravity,unknown,unknown,JO-ED2_a,acetylcholine,307,JO-E
293125,124173,JO-EV3,JO-EV3_R,R,unknown,AN,cb_sensory,mechanosensory,wind_gravity,unknown,unknown,JO-EV3,acetylcholine,832,JO-E
301867,124304,JO-EV1,JO-EV1_L,L,unknown,AN,cb_sensory,mechanosensory,wind_gravity,unknown,unknown,JO-EV1,acetylcholine,708,JO-E
320740,124514,JO-ED2_c,JO-ED2_c_L,L,unknown,AN,cb_sensory,mechanosensory,wind_gravity,unknown,unknown,JO-ED2_c,acetylcholine,543,JO-E
321272,124521,JO-EV1,JO-EV1_R,R,unknown,AN,cb_sensory,mechanosensory,wind_gravity,unknown,unknown,JO-EV1,acetylcholine,130,JO-E
322016,124529,JO-CA1,JO-CA1_L,L,unknown,AN,cb_sensory,mechanosensory,wind_gravity,unknown,unknown,JO-CA1,acetylcholine,283,JO-C
324669,124554,JO-EV1,JO-EV1_L,L,unknown,AN,cb_sensory,mechanosensory,wind_gravity,unknown,unknown,JO-EV1,acetylcholine,766,JO-E
325276,124561,JO-EV1,JO-EV1_L,L,unknown,AN,cb_sensory,mechanosensory,wind_gravity,unknown,unknown,JO-EV1,acetylcholine,611,JO-E
325429,124563,JO-ED1,JO-ED1_L,L,unknown,AN,cb_sensory,mechanosensory,wind_gravity,unknown,unknown,JO-ED1,acetylcholine,387,JO-E
327202,124577,JO-EV2,JO-EV2_R,R,unknown,AN,cb_sensory,mechanosensory,wind_gravity,unknown,unknown,JO-EV2,acetylcholine,109,JO-E
330394,124604,JO-ED1,JO-ED1_L,L,unknown,AN,cb_sensory,mechanosensory,wind_gravity,unknown,unknown,JO-ED1,acetylcholine,365,JO-E
330724,124608,JO-CM,JO-CM_R,R,unknown,AN,cb_sensory,mechanosensory,wind_gravity,unknown,unknown,JO-CM,acetylcholine,25,JO-C
332877,124628,JO-CL,JO-CL_R,R,unknown,AN,cb_sensory,mechanosensory,wind_gravity,unknown,unknown,JO-CL,acetylcholine,213,JO-C
335272,124647,JO-CM,JO-CM_R,R,unknown,AN,cb_sensory,mechanosensory,wind_gravity,unknown,unknown,JO-CM,acetylcholine,67,JO-C
345335,124739,JO-EV5,JO-EV5_L,L,unknown,AN,cb_sensory,mechanosensory,wind_gravity,unknown,unknown,JO-EV5,acetylcholine,748,JO-E
354677,124810,JO-CM,JO-CM_R,R,unknown,AN,cb_sensory,mechanosensory,wind_gravity,unknown,unknown,JO-CM,acetylcholine,53,JO-C
366857,124898,JO-EV2,JO-EV2_L,L,unknown,AN,cb_sensory,mechanosensory,wind_gravity,unknown,unknown,JO-EV2,acetylcholine,672,JO-E
376040,124947,JO-EV2,JO-EV2_R,R,unknown,AN,cb_sensory,mechanosensory,wind_gravity,unknown,unknown,JO-EV2,acetylcholine,465,JO-E
377495,124953,JO-EV1,JO-EV1_R,R,unknown,AN,cb_sensory,mechanosensory,wind_gravity,unknown,unknown,JO-EV1,acetylcholine,91,JO-E
382609,124987,JO-ED1,JO-ED1_L,L,unknown,AN,cb_sensory,mechanosensory,wind_gravity,unknown,unknown,JO-ED1,acetylcholine,677,JO-E
391272,125036,JO-CA2,JO-CA2_L,L,unknown,AN,cb_sensory,mechanosensory,auditory,unknown,unknown,JO-CA2,acetylcholine,293,JO-C
407821,125129,JO-EV5,JO-EV5_R,R,unknown,AN,cb_sensory,mechanosensory,wind_gravity,unknown,unknown,JO-EV5,acetylcholine,255,JO-E
417419,125177,JO-EV1,JO-EV1_R,R,unknown,AN,cb_sensory,mechanosensory,wind_gravity,unknown,unknown,JO-EV1,acetylcholine,95,JO-E
423565,125210,JO-CM,JO-CM_R,R,unknown,AN,cb_sensory,mechanosensory,wind_gravity,unknown,unknown,JO-CM,acetylcholine,135,JO-C
425614,125218,JO-ED1,JO-ED1_R,R,unknown,AN,cb_sensory,mechanosensory,wind_gravity,unknown,unknown,JO-ED1,acetylcholine,401,JO-E
426515,125223,JO-EV1,JO-EV1_L,L,unknown,AN,cb_sensory,mechanosensory,wind_gravity,unknown,unknown,JO-EV1,acetylcholine,436,JO-E
430178,125246,JO-EV1,JO-EV1_R,R,unknown,AN,cb_sensory,mechanosensory,wind_gravity,unknown,unknown,JO-EV1,acetylcholine,459,JO-E
433407,125262,JO-ED2_a,JO-ED2_a_R,R,unknown,AN,cb_sensory,mechanosensory,wind_gravity,unknown,unknown,JO-ED2_a,acetylcholine,274,JO-E
433834,125264,JO-EV2,JO-EV2_L,L,unknown,AN,cb_sensory,mechanosensory,wind_gravity,unknown,unknown,JO-EV2,acetylcholine,545,JO-E
448449,125327,JO-EV2,JO-EV2_R,R,unknown,AN,cb_sensory,mechanosensory,wind_gravity,unknown,unknown,JO-EV2,acetylcholine,596,JO-E
468050,125391,JO-CM,JO-CM_R,R,unknown,AN,cb_sensory,mechanosensory,wind_gravity,unknown,unknown,JO-CM,acetylcholine,166,JO-C
483594,125444,JO-EV1,JO-EV1_R,R,unknown,AN,cb_sensory,mechanosensory,wind_gravity,unknown,unknown,JO-EV1,acetylcholine,95,JO-E
487107,125458,JO-EV2,JO-EV2_R,R,unknown,AN,cb_sensory,mechanosensory,wind_gravity,unknown,unknown,JO-EV2,acetylcholine,48,JO-E
491302,125469,JO-EV3,JO-EV3_L,L,unknown,AN,cb_sensory,mechanosensory,wind_gravity,unknown,unknown,JO-EV3,acetylcholine,750,JO-E
494022,125477,JO-EV2,JO-EV2_R,R,unknown,AN,cb_sensory,mechanosensory,wind_gravity,unknown,unknown,JO-EV2,acetylcholine,492,JO-E
495313,125481,JO-EV1,JO-EV1_L,L,unknown,AN,cb_sensory,mechanosensory,wind_gravity,unknown,unknown,JO-EV1,acetylcholine,582,JO-E
512226,125992,JO-EV1,JO-EV1_R,R,unknown,AN,cb_sensory,mechanosensory,wind_gravity,unknown,unknown,JO-EV1,acetylcholine,656,JO-E
512237,125998,JO-EV2,JO-EV2_R,R,unknown,AN,cb_sensory,mechanosensory,wind_gravity,unknown,unknown,JO-EV2,acetylcholine,124,JO-E
512238,125999,JO-CL,JO-CL_R,R,unknown,AN,cb_sensory,mechanosensory,wind_gravity,unknown,unknown,JO-CL,acetylcholine,343,JO-C
512239,126000,JO-CL,JO-CL_R,R,unknown,AN,cb_sensory,mechanosensory,wind_gravity,unknown,unknown,JO-CL,acetylcholine,70,JO-C
512629,126218,JO-CM,JO-CM_R,R,unknown,AN,cb_sensory,mechanosensory,wind_gravity,unknown,unknown,JO-CM,acetylcholine,715,JO-C
512630,126219,JO-ED2_b,JO-ED2_b_R,R,unknown,AN,cb_sensory,mechanosensory,wind_gravity,unknown,unknown,JO-ED2_b,acetylcholine,688,JO-E
512631,126220,JO-EV3,JO-EV3_R,R,unknown,AN,cb_sensory,mechanosensory,wind_gravity,unknown,unknown,JO-EV3,acetylcholine,812,JO-E
512632,126221,JO-ED2_a,JO-ED2_a_R,R,unknown,AN,cb_sensory,mechanosensory,wind_gravity,unknown,unknown,JO-ED2_a,acetylcholine,665,JO-E
513113,126463,JO-CA2,JO-CA2_L,L,unknown,AN,cb_sensory,mechanosensory,auditory,unknown,unknown,JO-CA2,acetylcholine,444,JO-C
513223,126523,JO-EV5,JO-EV5_L,L,unknown,AN,cb_sensory,mechanosensory,wind_gravity,unknown,unknown,JO-EV5,acetylcholine,1119,JO-E
514024,126964,JO-ED2_a,JO-ED2_a_R,R,unknown,AN,cb_sensory,mechanosensory,wind_gravity,unknown,unknown,JO-ED2_a,acetylcholine,369,JO-E
514083,126995,JO-ED2_b,JO-ED2_b_R,R,unknown,AN,cb_sensory,mechanosensory,wind_gravity,unknown,unknown,JO-ED2_b,acetylcholine,807,JO-E
514084,126996,JO-ED2_b,JO-ED2_b_R,R,unknown,AN,cb_sensory,mechanosensory,wind_gravity,unknown,unknown,JO-ED2_b,acetylcholine,859,JO-E
514568,127290,JO-EV3,JO-EV3_R,R,unknown,AN,cb_sensory,mechanosensory,wind_gravity,unknown,unknown,JO-EV3,acetylcholine,739,JO-E
515363,127747,JO-ED1,JO-ED1_R,R,unknown,AN,cb_sensory,mechanosensory,wind_gravity,unknown,unknown,JO-ED1,acetylcholine,726,JO-E
515512,127831,JO-ED2_b,JO-ED2_b_L,L,unknown,AN,cb_sensory,mechanosensory,wind_gravity,unknown,unknown,JO-ED2_b,acetylcholine,1008,JO-E
515513,127832,JO-ED2_b,JO-ED2_b_L,L,unknown,AN,cb_sensory,mechanosensory,wind_gravity,unknown,unknown,JO-ED2_b,acetylcholine,1108,JO-E
515514,127833,JO-ED2_b,JO-ED2_b_L,L,unknown,AN,cb_sensory,mechanosensory,wind_gravity,unknown,unknown,JO-ED2_b,acetylcholine,866,JO-E
516604,128478,JO-EV3,JO-EV3_R,R,unknown,AN,cb_sensory,mechanosensory,wind_gravity,unknown,unknown,JO-EV3,acetylcholine,835,JO-E
516605,128479,JO-EV3,JO-EV3_R,R,unknown,AN,cb_sensory,mechanosensory,wind_gravity,unknown,unknown,JO-EV3,acetylcholine,763,JO-E
516606,128480,JO-ED2_b,JO-ED2_b_R,R,unknown,AN,cb_sensory,mechanosensory,wind_gravity,unknown,unknown,JO-ED2_b,acetylcholine,927,JO-E
516907,128668,JO-EV2,JO-EV2_R,R,unknown,AN,cb_sensory,mechanosensory,wind_gravity,unknown,unknown,JO-EV2,acetylcholine,1066,JO-E
518887,129852,JO-ED2_c,JO-ED2_c_L,L,unknown,AN,cb_sensory,mechanosensory,wind_gravity,unknown,unknown,JO-ED2_c,acetylcholine,779,JO-E
519174,130020,JO-ED2_a,JO-ED2_a_R,R,unknown,AN,cb_sensory,mechanosensory,wind_gravity,unknown,unknown,JO-ED2_a,acetylcholine,526,JO-E
519307,130103,JO-EV2,JO-EV2_R,R,unknown,AN,cb_sensory,mechanosensory,wind_gravity,unknown,unknown,JO-EV2,acetylcholine,787,JO-E
520630,130860,JO-EV6,JO-EV6_R,R,unknown,AN,cb_sensory,mechanosensory,wind_gravity,unknown,unknown,JO-EV6,acetylcholine,553,JO-E
520659,130872,JO-CM,JO-CM_L,L,unknown,AN,cb_sensory,mechanosensory,wind_gravity,unknown,unknown,JO-CM,acetylcholine,763,JO-C
520660,130873,JO-CM,JO-CM_L,L,unknown,AN,cb_sensory,mechanosensory,wind_gravity,unknown,unknown,JO-CM,acetylcholine,845,JO-C
522304,131462,JO-ED2_a,JO-ED2_a_L,L,unknown,AN,cb_sensory,mechanosensory,wind_gravity,unknown,unknown,JO-ED2_a,acetylcholine,378,JO-E
524140,132144,JO-ED1,JO-ED1_L,L,unknown,AN,cb_sensory,mechanosensory,wind_gravity,unknown,unknown,JO-ED1,acetylcholine,300,JO-E
529072,133788,JO-EV3,JO-EV3_L,L,unknown,AN,cb_sensory,mechanosensory,wind_gravity,unknown,unknown,JO-EV3,acetylcholine,814,JO-E
529073,133789,JO-EV3,JO-EV3_L,L,unknown,AN,cb_sensory,mechanosensory,wind_gravity,unknown,unknown,JO-EV3,acetylcholine,906,JO-E
529105,133808,JO-EV5,JO-EV5_L,L,unknown,AN,cb_sensory,mechanosensory,wind_gravity,unknown,unknown,JO-EV5,acetylcholine,1029,JO-E
530461,134500,JO-EV1,JO-EV1_R,R,unknown,AN,cb_sensory,mechanosensory,wind_gravity,unknown,unknown,JO-EV1,acetylcholine,569,JO-E
530462,134501,JO-ED2_b,JO-ED2_b_R,R,unknown,AN,cb_sensory,mechanosensory,wind_gravity,unknown,unknown,JO-ED2_b,acetylcholine,543,JO-E
530572,134559,JO-ED2_a,JO-ED2_a_L,L,unknown,AN,cb_sensory,mechanosensory,wind_gravity,unknown,unknown,JO-ED2_a,acetylcholine,651,JO-E
530838,134690,JO-ED2_b,JO-ED2_b_R,R,unknown,AN,cb_sensory,mechanosensory,wind_gravity,unknown,unknown,JO-ED2_b,acetylcholine,434,JO-E
530841,134691,JO-EV3,JO-EV3_R,R,unknown,AN,cb_sensory,mechanosensory,wind_gravity,unknown,unknown,JO-EV3,acetylcholine,754,JO-E
530842,134692,JO-EV3,JO-EV3_R,R,unknown,AN,cb_sensory,mechanosensory,wind_gravity,unknown,unknown,JO-EV3,acetylcholine,755,JO-E
531019,134787,JO-ED1,JO-ED1_L,L,unknown,AN,cb_sensory,mechanosensory,wind_gravity,unknown,unknown,JO-ED1,acetylcholine,459,JO-E
531021,134788,JO-EV1,JO-EV1_L,L,unknown,AN,cb_sensory,mechanosensory,wind_gravity,unknown,unknown,JO-EV1,acetylcholine,475,JO-E
531712,135125,JO-EV3,JO-EV3_L,L,unknown,AN,cb_sensory,mechanosensory,wind_gravity,unknown,unknown,JO-EV3,acetylcholine,1156,JO-E
532627,135557,JO-EV3,JO-EV3_L,L,unknown,AN,cb_sensory,mechanosensory,wind_gravity,unknown,unknown,JO-EV3,acetylcholine,1202,JO-E
533713,136071,JO-ED1,JO-ED1_L,L,unknown,AN,cb_sensory,mechanosensory,wind_gravity,unknown,unknown,JO-ED1,acetylcholine,499,JO-E
533959,136212,JO-CL,JO-CL_R,R,unknown,AN,cb_sensory,mechanosensory,wind_gravity,unknown,unknown,JO-CL,acetylcholine,287,JO-C
533996,136232,JO-CM,JO-CM_L,L,unknown,AN,cb_sensory,mechanosensory,unknown,unknown,unknown,JO-CM,acetylcholine,763,JO-C
534097,136272,JO-ED2_a,JO-ED2_a_L,L,unknown,AN,cb_sensory,mechanosensory,wind_gravity,unknown,unknown,JO-ED2_a,acetylcholine,832,JO-E
534098,136273,JO-EV6,JO-EV6_L,L,unknown,AN,cb_sensory,mechanosensory,wind_gravity,unknown,unknown,JO-EV6,acetylcholine,548,JO-E
536217,137170,JO-EV2,JO-EV2_R,R,unknown,AN,cb_sensory,mechanosensory,wind_gravity,unknown,unknown,JO-EV2,acetylcholine,1092,JO-E
536218,137171,JO-EV1,JO-EV1_R,R,unknown,AN,cb_sensory,mechanosensory,wind_gravity,unknown,unknown,JO-EV1,acetylcholine,702,JO-E
545973,140161,JO-EV3,JO-EV3_R,R,unknown,AN,cb_sensory,mechanosensory,wind_gravity,unknown,unknown,JO-EV3,acetylcholine,125,JO-E
545974,140162,JO-EV3,JO-EV3_R,R,unknown,AN,cb_sensory,mechanosensory,wind_gravity,unknown,unknown,JO-EV3,acetylcholine,238,JO-E
552568,142045,JO-CM,JO-CM_L,L,unknown,AN,cb_sensory,mechanosensory,wind_gravity,unknown,unknown,JO-CM,acetylcholine,859,JO-C
554017,142286,JO-CA1,JO-CA1_L,L,unknown,AN,cb_sensory,mechanosensory,wind_gravity,unknown,unknown,JO-CA1,acetylcholine,215,JO-C
557828,142731,JO-EV3,JO-EV3_L,L,unknown,AN,cb_sensory,mechanosensory,wind_gravity,unknown,unknown,JO-EV3,acetylcholine,950,JO-E
559555,142934,JO-ED2_c,JO-ED2_c_L,L,unknown,AN,cb_sensory,mechanosensory,wind_gravity,unknown,unknown,JO-ED2_c,acetylcholine,1063,JO-E
561160,143063,JO-EV1,JO-EV1_R,R,unknown,AN,cb_sensory,mechanosensory,wind_gravity,unknown,unknown,JO-EV1,acetylcholine,423,JO-E
562509,143131,JO-ED2_b,JO-ED2_b_R,R,unknown,AN,cb_sensory,mechanosensory,wind_gravity,unknown,unknown,JO-ED2_b,acetylcholine,821,JO-E
562806,143156,JO-EV3,JO-EV3_R,R,unknown,AN,cb_sensory,mechanosensory,wind_gravity,unknown,unknown,JO-EV3,acetylcholine,333,JO-E
562811,143157,JO-EV3,JO-EV3_R,R,unknown,AN,cb_sensory,mechanosensory,wind_gravity,unknown,unknown,JO-EV3,acetylcholine,289,JO-E
569803,143502,JO-CM,JO-CM_R,R,unknown,AN,cb_sensory,mechanosensory,wind_gravity,unknown,unknown,JO-CM,acetylcholine,59,JO-C
900949,160529,JO-EV6,JO-EV6_L,L,unknown,AN,cb_sensory,mechanosensory,wind_gravity,unknown,unknown,JO-EV6,acetylcholine,206,JO-E
900950,160530,JO-ED2_a,JO-ED2_a_L,L,unknown,AN,cb_sensory,mechanosensory,wind_gravity,unknown,unknown,JO-ED2_a,acetylcholine,394,JO-E
901811,160569,JO-EV6,JO-EV6_R,R,unknown,AN,cb_sensory,mechanosensory,wind_gravity,unknown,unknown,JO-EV6,acetylcholine,181,JO-E
918039,164014,JO-EV2,JO-EV2_R,R,unknown,AN,cb_sensory,mechanosensory,wind_gravity,unknown,unknown,JO-EV2,acetylcholine,44,JO-E
918248,164017,JO-EV1,JO-EV1_L,L,unknown,AN,cb_sensory,mechanosensory,wind_gravity,unknown,unknown,JO-EV1,acetylcholine,668,JO-E
919830,164067,JO-ED2_a,JO-ED2_a_L,L,unknown,AN,cb_sensory,mechanosensory,wind_gravity,unknown,unknown,JO-ED2_a,acetylcholine,515,JO-E
921745,164098,JO-ED2_b,JO-ED2_b_R,R,unknown,AN,cb_sensory,mechanosensory,wind_gravity,unknown,unknown,JO-ED2_b,acetylcholine,804,JO-E
922113,164108,JO-EV5,JO-EV5_R,R,unknown,AN,cb_sensory,mechanosensory,wind_gravity,unknown,unknown,JO-EV5,acetylcholine,124,JO-E
923453,164137,JO-EV3,JO-EV3_R,R,unknown,AN,cb_sensory,mechanosensory,wind_gravity,unknown,unknown,JO-EV3,acetylcholine,240,JO-E
923831,164145,JO-ED2_a,JO-ED2_a_R,R,unknown,AN,cb_sensory,mechanosensory,wind_gravity,unknown,unknown,JO-ED2_a,acetylcholine,547,JO-E
929247,164288,JO-ED2_b,JO-ED2_b_R,R,unknown,AN,cb_sensory,mechanosensory,wind_gravity,unknown,unknown,JO-ED2_b,acetylcholine,549,JO-E
929401,164297,JO-ED2_b,JO-ED2_b_L,L,unknown,AN,cb_sensory,mechanosensory,wind_gravity,unknown,unknown,JO-ED2_b,acetylcholine,1101,JO-E
929909,164320,JO-EV2,JO-EV2_L,L,unknown,AN,cb_sensory,mechanosensory,wind_gravity,unknown,unknown,JO-EV2,acetylcholine,279,JO-E
930160,164327,JO-CL,JO-CL_L,L,unknown,AN,cb_sensory,mechanosensory,wind_gravity,unknown,unknown,JO-CL,acetylcholine,261,JO-C
930621,164336,JO-EV5,JO-EV5_L,L,unknown,AN,cb_sensory,mechanosensory,wind_gravity,unknown,unknown,JO-EV5,acetylcholine,666,JO-E
930758,164344,JO-CL,JO-CL_R,R,unknown,AN,cb_sensory,mechanosensory,wind_gravity,unknown,unknown,JO-CL,acetylcholine,222,JO-C
934617,164469,JO-ED2_a,JO-ED2_a_R,R,unknown,AN,cb_sensory,mechanosensory,wind_gravity,unknown,unknown,JO-ED2_a,acetylcholine,402,JO-E
944699,164825,JO-CA2,JO-CA2_L,L,unknown,AN,cb_sensory,mechanosensory,auditory,unknown,unknown,JO-CA2,acetylcholine,471,JO-C
954303,164932,JO-CL,JO-CL_R,R,unknown,AN,cb_sensory,mechanosensory,wind_gravity,unknown,unknown,JO-CL,acetylcholine,168,JO-C
104465393,165024,JO-EV2,JO-EV2_L,L,unknown,AN,cb_sensory,mechanosensory,wind_gravity,unknown,unknown,JO-EV2,acetylcholine,494,JO-E
107124542,165036,JO-ED2_a,JO-ED2_a_R,R,unknown,AN,cb_sensory,mechanosensory,wind_gravity,unknown,unknown,JO-ED2_a,acetylcholine,283,JO-E
118359732,165072,JO-CM,JO-CM_L,L,unknown,AN,cb_sensory,mechanosensory,wind_gravity,unknown,unknown,JO-CM,acetylcholine,367,JO-C
131817457,165109,JO-EV3,JO-EV3_R,R,unknown,AN,cb_sensory,mechanosensory,wind_gravity,unknown,unknown,JO-EV3,acetylcholine,689,JO-E
139925399,165127,JO-EV2,JO-EV2_L,L,unknown,AN,cb_sensory,mechanosensory,wind_gravity,unknown,unknown,JO-EV2,acetylcholine,759,JO-E
142847993,165132,JO-EV1,JO-EV1_R,R,unknown,AN,cb_sensory,mechanosensory,wind_gravity,unknown,unknown,JO-EV1,acetylcholine,270,JO-E
143099582,165134,JO-CM,JO-CM_R,R,unknown,AN,cb_sensory,mechanosensory,wind_gravity,unknown,unknown,JO-CM,acetylcholine,136,JO-C
145088940,165141,JO-EV3,JO-EV3_R,R,unknown,AN,cb_sensory,mechanosensory,wind_gravity,unknown,unknown,JO-EV3,acetylcholine,179,JO-E
146290481,165142,JO-CA1,JO-CA1_L,L,unknown,AN,cb_sensory,mechanosensory,wind_gravity,unknown,unknown,JO-CA1,acetylcholine,294,JO-C
155319080,165161,JO-CA1,JO-CA1_L,L,unknown,AN,cb_sensory,mechanosensory,wind_gravity,unknown,unknown,JO-CA1,acetylcholine,144,JO-C
171730006,165184,JO-CM,JO-CM_R,R,unknown,AN,cb_sensory,mechanosensory,wind_gravity,unknown,unknown,JO-CM,acetylcholine,278,JO-C
189216879,165208,JO-EV6,JO-EV6_R,R,unknown,AN,cb_sensory,mechanosensory,wind_gravity,unknown,unknown,JO-EV6,acetylcholine,268,JO-E
195470070,165219,JO-EV2,JO-EV2_L,L,unknown,AN,cb_sensory,mechanosensory,wind_gravity,unknown,unknown,JO-EV2,acetylcholine,415,JO-E
206174566,165233,JO-EV1,JO-EV1_R,R,unknown,AN,cb_sensory,mechanosensory,wind_gravity,unknown,unknown,JO-EV1,acetylcholine,212,JO-E
211937357,165238,JO-CM,JO-CM_L,L,unknown,AN,cb_sensory,mechanosensory,wind_gravity,unknown,unknown,JO-CM,acetylcholine,486,JO-C
222873418,165258,JO-EV1,JO-EV1_R,R,unknown,AN,cb_sensory,mechanosensory,wind_gravity,unknown,unknown,JO-EV1,acetylcholine,48,JO-E
226996233,165260,JO-EV2,JO-EV2_R,R,unknown,AN,cb_sensory,mechanosensory,wind_gravity,unknown,unknown,JO-EV2,acetylcholine,341,JO-E
235503501,165267,JO-ED2_a,JO-ED2_a_R,R,unknown,AN,cb_sensory,mechanosensory,wind_gravity,unknown,unknown,JO-ED2_a,acetylcholine,17,JO-E
251085475,165289,JO-ED1,JO-ED1_R,R,unknown,AN,cb_sensory,mechanosensory,wind_gravity,unknown,unknown,JO-ED1,acetylcholine,330,JO-E
253852731,165292,JO-CA1,JO-CA1_R,R,unknown,AN,cb_sensory,mechanosensory,wind_gravity,unknown,unknown,JO-CA1,acetylcholine,23,JO-C
257580215,165300,JO-ED2_a,JO-ED2_a_R,R,unknown,AN,cb_sensory,mechanosensory,wind_gravity,unknown,unknown,JO-ED2_a,acetylcholine,306,JO-E
263851661,165307,JO-EV6,JO-EV6_L,L,unknown,AN,cb_sensory,mechanosensory,wind_gravity,unknown,unknown,JO-EV6,acetylcholine,286,JO-E
273974394,165317,JO-EV2,JO-EV2_R,R,unknown,AN,cb_sensory,mechanosensory,wind_gravity,unknown,unknown,JO-EV2,acetylcholine,45,JO-E
286384065,165334,JO-ED2_a,JO-ED2_a_L,L,unknown,AN,cb_sensory,mechanosensory,wind_gravity,unknown,unknown,JO-ED2_a,acetylcholine,694,JO-E
308077970,165357,JO-EV2,JO-EV2_R,R,unknown,AN,cb_sensory,mechanosensory,wind_gravity,unknown,unknown,JO-EV2,acetylcholine,264,JO-E
318054614,165372,JO-CM,JO-CM_R,R,unknown,AN,cb_sensory,mechanosensory,wind_gravity,unknown,unknown,JO-CM,acetylcholine,86,JO-C
327126875,165388,JO-EV5,JO-EV5_R,R,unknown,AN,cb_sensory,mechanosensory,wind_gravity,unknown,unknown,JO-EV5,acetylcholine,730,JO-E
339608709,165397,JO-ED2_a,JO-ED2_a_R,R,unknown,AN,cb_sensory,mechanosensory,wind_gravity,unknown,unknown,JO-ED2_a,acetylcholine,505,JO-E
341173407,165401,JO-EV6,JO-EV6_L,L,unknown,AN,cb_sensory,mechanosensory,wind_gravity,unknown,unknown,JO-EV6,acetylcholine,697,JO-E
399935690,165469,JO-EV6,JO-EV6_R,R,unknown,AN,cb_sensory,mechanosensory,wind_gravity,unknown,unknown,JO-EV6,acetylcholine,236,JO-E
419654997,165487,JO-EV5,JO-EV5_R,R,unknown,AN,cb_sensory,mechanosensory,wind_gravity,unknown,unknown,JO-EV5,acetylcholine,302,JO-E
432633950,165498,JO-EV3,JO-EV3_R,R,unknown,AN,cb_sensory,mechanosensory,wind_gravity,unknown,unknown,JO-EV3,acetylcholine,140,JO-E
435223099,165503,JO-CM,JO-CM_L,L,unknown,AN,cb_sensory,mechanosensory,unknown,unknown,unknown,JO-CM,acetylcholine,234,JO-C
467266335,165531,JO-EV1,JO-EV1_L,L,unknown,AN,cb_sensory,mechanosensory,wind_gravity,unknown,unknown,JO-EV1,acetylcholine,488,JO-E
467856331,165532,JO-CM,JO-CM_R,R,unknown,AN,cb_sensory,mechanosensory,wind_gravity,unknown,unknown,JO-CM,acetylcholine,167,JO-C
480555286,165544,JO-EV1,JO-EV1_R,R,unknown,AN,cb_sensory,mechanosensory,wind_gravity,unknown,unknown,JO-EV1,acetylcholine,446,JO-E
480601747,165545,JO-EV2,JO-EV2_R,R,unknown,AN,cb_sensory,mechanosensory,wind_gravity,unknown,unknown,JO-EV2,acetylcholine,442,JO-E
493774068,165561,JO-EV1,JO-EV1_R,R,unknown,AN,cb_sensory,mechanosensory,wind_gravity,unknown,unknown,JO-EV1,acetylcholine,565,JO-E
495608985,165563,JO-CM,JO-CM_R,R,unknown,AN,cb_sensory,mechanosensory,wind_gravity,unknown,unknown,JO-CM,acetylcholine,147,JO-C
523980024,165594,JO-EV5,JO-EV5_R,R,unknown,AN,cb_sensory,mechanosensory,wind_gravity,unknown,unknown,JO-EV5,acetylcholine,311,JO-E
545702226,165617,JO-EV1,JO-EV1_R,R,unknown,AN,cb_sensory,mechanosensory,wind_gravity,unknown,unknown,JO-EV1,acetylcholine,614,JO-E
572394633,165646,JO-ED2_a,JO-ED2_a_L,L,unknown,AN,cb_sensory,mechanosensory,wind_gravity,unknown,unknown,JO-ED2_a,acetylcholine,764,JO-E
573860058,165649,JO-EV5,JO-EV5_R,R,unknown,AN,cb_sensory,mechanosensory,wind_gravity,unknown,unknown,JO-EV5,acetylcholine,133,JO-E
593749891,165665,JO-EV3,JO-EV3_R,R,unknown,AN,cb_sensory,mechanosensory,wind_gravity,unknown,unknown,JO-EV3,acetylcholine,193,JO-E
617505194,165689,JO-EV5,JO-EV5_R,R,unknown,AN,cb_sensory,mechanosensory,wind_gravity,unknown,unknown,JO-EV5,acetylcholine,523,JO-E
631555080,165697,JO-CM,JO-CM_R,R,unknown,AN,cb_sensory,mechanosensory,wind_gravity,unknown,unknown,JO-CM,acetylcholine,69,JO-C
701436290,165783,JO-EV3,JO-EV3_R,R,unknown,AN,cb_sensory,mechanosensory,wind_gravity,unknown,unknown,JO-EV3,acetylcholine,239,JO-E
713207029,165798,JO-ED1,JO-ED1_L,L,unknown,AN,cb_sensory,mechanosensory,wind_gravity,unknown,unknown,JO-ED1,acetylcholine,433,JO-E
724444081,165808,JO-ED2_a,JO-ED2_a_R,R,unknown,AN,cb_sensory,mechanosensory,wind_gravity,unknown,unknown,JO-ED2_a,acetylcholine,331,JO-E
727839014,165812,JO-ED2_c,JO-ED2_c_R,R,unknown,AN,cb_sensory,mechanosensory,wind_gravity,unknown,unknown,JO-ED2_c,acetylcholine,42,JO-E
745668454,165828,JO-ED2_a,JO-ED2_a_R,R,unknown,AN,cb_sensory,mechanosensory,wind_gravity,unknown,unknown,JO-ED2_a,acetylcholine,213,JO-E
758504623,165839,JO-ED2_a,JO-ED2_a_L,L,unknown,AN,cb_sensory,mechanosensory,wind_gravity,unknown,unknown,JO-ED2_a,acetylcholine,367,JO-E
767138051,165854,JO-ED2_a,JO-ED2_a_L,L,unknown,AN,cb_sensory,mechanosensory,wind_gravity,unknown,unknown,JO-ED2_a,acetylcholine,405,JO-E
769661594,165858,JO-ED2_a,JO-ED2_a_R,R,unknown,AN,cb_sensory,mechanosensory,wind_gravity,unknown,unknown,JO-ED2_a,acetylcholine,279,JO-E
785980083,165871,JO-EV5,JO-EV5_R,R,unknown,AN,cb_sensory,mechanosensory,wind_gravity,unknown,unknown,JO-EV5,acetylcholine,631,JO-E
789003564,165877,JO-EV5,JO-EV5_R,R,unknown,AN,cb_sensory,mechanosensory,wind_gravity,unknown,unknown,JO-EV5,acetylcholine,425,JO-E
821484380,165912,JO-EV2,JO-EV2_L,L,unknown,AN,cb_sensory,mechanosensory,wind_gravity,unknown,unknown,JO-EV2,acetylcholine,344,JO-E
837585830,165936,JO-ED2_c,JO-ED2_c_R,R,unknown,AN,cb_sensory,mechanosensory,wind_gravity,unknown,unknown,JO-ED2_c,acetylcholine,546,JO-E
849226085,165953,JO-EV1,JO-EV1_R,R,unknown,AN,cb_sensory,mechanosensory,wind_gravity,unknown,unknown,JO-EV1,acetylcholine,303,JO-E
850213452,165955,JO-EV1,JO-EV1_R,R,unknown,AN,cb_sensory,mechanosensory,wind_gravity,unknown,unknown,JO-EV1,acetylcholine,215,JO-E
859985596,165961,JO-EV3,JO-EV3_L,L,unknown,AN,cb_sensory,mechanosensory,wind_gravity,unknown,unknown,JO-EV3,acetylcholine,671,JO-E
875638914,165976,JO-EV2,JO-EV2_R,R,unknown,AN,cb_sensory,mechanosensory,wind_gravity,unknown,unknown,JO-EV2,acetylcholine,522,JO-E
881191049,165988,JO-EV5,JO-EV5_R,R,unknown,AN,cb_sensory,mechanosensory,wind_gravity,unknown,unknown,JO-EV5,acetylcholine,95,JO-E
908412467,166020,JO-ED1,JO-ED1_R,R,unknown,AN,cb_sensory,mechanosensory,wind_gravity,unknown,unknown,JO-ED1,acetylcholine,404,JO-E
912272687,166030,JO-EV2,JO-EV2_L,L,unknown,AN,cb_sensory,mechanosensory,wind_gravity,unknown,unknown,JO-EV2,acetylcholine,289,JO-E
975394666,166095,JO-EV6,JO-EV6_R,R,unknown,AN,cb_sensory,mechanosensory,wind_gravity,unknown,unknown,JO-EV6,acetylcholine,193,JO-E
992060213,166110,JO-CA1,JO-CA1_L,L,unknown,AN,cb_sensory,mechanosensory,wind_gravity,unknown,unknown,JO-CA1,acetylcholine,204,JO-C
993248402,166112,JO-EV2,JO-EV2_R,R,unknown,AN,cb_sensory,mechanosensory,wind_gravity,unknown,unknown,JO-EV2,acetylcholine,116,JO-E
994082949,166113,JO-ED2_a,JO-ED2_a_R,R,unknown,AN,cb_sensory,mechanosensory,wind_gravity,unknown,unknown,JO-ED2_a,acetylcholine,168,JO-E
1004833528,166140,JO-EV5,JO-EV5_L,L,unknown,AN,cb_sensory,mechanosensory,wind_gravity,unknown,unknown,JO-EV5,acetylcholine,198,JO-E
1015296890,166152,JO-ED2_c,JO-ED2_c_R,R,unknown,AN,cb_sensory,mechanosensory,wind_gravity,unknown,unknown,JO-ED2_c,acetylcholine,387,JO-E
1017704104,166155,JO-EV3,JO-EV3_R,R,unknown,AN,cb_sensory,mechanosensory,wind_gravity,unknown,unknown,JO-EV3,acetylcholine,274,JO-E
