type,side,time_ms,n,odor_left,odor_right,uniform,sham,anti_odor,common_vs_sham
ORN_DM1,L,0,35,0.30925355965615264,0.30925355965615264,0.30925355965615264,0.30925355965615264,0,0
ORN_DM1,L,1,35,0.30986794488167368,0.30986794488167368,0.30986794488167368,0.30986794488167368,0,0
ORN_DM1,L,20,35,0.28761987488132762,0.13630530697316637,0.29287646753150104,0.13630529035712632,0.075657283954080626,0.075657300570120684
ORN_DM1,L,40,35,0.40081011113697157,0.069771805015979696,0.45656495254440765,0.069769225704966104,0.16551915306049594,0.16552173237150952
ORN_DM1,L,60,35,0.45531756489534697,0.045885833018408644,0.54075617677700105,0.045870905989355192,0.20471586593846916,0.20473079296752258
ORN_DM1,L,100,35,0.49237881133802536,0.033952269214594474,0.58775240150345354,0.033899552636084851,0.22921327106171543,0.22926598764022504
ORN_DM1,L,160,35,0.50227177864308192,0.032107242407859428,0.5954881493336156,0.0320275737419475,0.23508226811761124,0.23516193678352318
ORN_DM1,L,220,35,0.50331567156707124,0.031999453708765287,0.59600165472487499,0.031915580436274738,0.23565810892915298,0.23574198220164355
ORN_DM1,L,320,35,0.50336212775787081,0.031991083744569188,0.59604120413532669,0.031906457337231596,0.23568552200665083,0.23577014841398838
ORN_DM1,L,335,35,0.50333177252289119,0.03199085013946492,0.5960414448107848,0.031905839421990594,0.23567046119171314,0.23575547190918744
ORN_DM1,R,0,39,0.30892678168176496,0.30892678168176496,0.30892678168176496,0.30892678168176496,0,0
ORN_DM1,R,1,39,0.30979175681339227,0.30979175681339227,0.30979175681339227,0.30979175681339227,0,0
ORN_DM1,R,20,39,0.13911615314943268,0.28988087923310119,0.29503978373213202,0.1391161507425647,-0.075382363041834252,0.075382365448702221
ORN_DM1,R,40,39,0.071321739735750594,0.41596082549559382,0.46010519644523201,0.071321318346081422,-0.17231954287992163,0.17231996426959079
ORN_DM1,R,60,39,0.046317836555400685,0.49540163224834854,0.54425946670183145,0.04631528140143551,-0.22454189784647394,0.2245444530004391
ORN_DM1,R,100,39,0.033568056619900657,0.56195376475063885,0.58877794464425814,0.033557928143525879,-0.26419285406536908,0.2642029825417439
ORN_DM1,R,160,39,0.031583011807849296,0.58008666432756417,0.59567784916250954,0.031567099371983542,-0.27425182625985745,0.27426773869572318
ORN_DM1,R,220,39,0.031470964833472198,0.58195030611942355,0.59605407035103786,0.031455474160569576,-0.27523967064297566,0.27525516131587829
ORN_DM1,R,320,39,0.031464366266541463,0.5821073416251783,0.59607590312515435,0.031448236161084817,-0.27532148767931841,0.27533761778477506
ORN_DM1,R,335,39,0.031464085960578668,0.58210702305264594,0.59607602064067755,0.03144791158952788,-0.27532146854603362,0.27533764291708446
DM1_lPN,L,0,1,0.61046689467052462,0.61046689467052462,0.61046689467052462,0.61046689467052462,0,0
DM1_lPN,L,1,1,0.63034150944828415,0.63034150944828415,0.63034150944828415,0.63034150944828415,0,0
DM1_lPN,L,20,1,0.8627085270277467,0.86270747037165918,0.86272764302265825,0.86268800867280093,5.2832804375846365e-07,1.9990026902005908e-05
DM1_lPN,L,40,1,0.94956634374521731,0.9495417158623628,0.95013196150045687,0.94890094973734951,1.2313941427255504e-05,0.00065308006644060335
DM1_lPN,L,60,1,0.97871944837439684,0.97868284875801992,0.98051158854250553,0.97630454232186237,1.8299808188459998e-05,0.0023966062443460112
DM1_lPN,L,100,1,0.99179156827418591,0.99179276101325087,0.99515936523344317,0.98582892830503555,-5.9636953247954594e-07,0.0059632363386828979
DM1_lPN,L,160,1,0.99283480158541382,0.99289951045177904,0.99736273794190211,0.9830694339692797,-3.2354433182613107e-05,0.0097977220493167261
DM1_lPN,L,220,1,0.99241677128537775,0.99268815521469334,0.99755432958699819,0.98071134166784091,-0.00013569196465779143,0.011841121582194636
DM1_lPN,L,320,1,0.99183403077860877,0.99211957416309449,0.99738351505156519,0.97875343611084398,-0.00014277169224286013,0.013223366360007649
DM1_lPN,L,335,1,0.99175386529720311,0.99203665998024415,0.9973349640253415,0.97871997181829751,-0.00014139734152052164,0.013175290820426122
DM1_lPN,R,0,1,0.5932819539533325,0.5932819539533325,0.5932819539533325,0.5932819539533325,0,0
DM1_lPN,R,1,1,0.61910101963884112,0.61910101963884112,0.61910101963884112,0.61910101963884112,0,0
DM1_lPN,R,20,1,0.88921557218668912,0.88924470570006597,0.88926884723882682,0.88919092768990871,-1.4566756688427773e-05,3.9211253468840468e-05
DM1_lPN,R,40,1,0.96619014604280062,0.96692100082122012,0.96751484239616237,0.96550357804976084,-0.00036542738920974926,0.0010519953822495376
DM1_lPN,R,60,1,0.98459267199905542,0.98689768781734399,0.98849561750446524,0.98223359443699609,-0.0011525079091442847,0.0035115854712036709
DM1_lPN,R,100,1,0.98846684186691536,0.99366427812549685,0.99619024661266609,0.98239281991388361,-0.0025987181292907446,0.0086727400823225498
DM1_lPN,R,160,1,0.98737614752920999,0.99465986329652767,0.99736113995463438,0.9779251311210202,-0.0036418578836588389,0.013092874291848577
DM1_lPN,R,220,1,0.98650425387934115,0.99482297777755357,0.99758675984191059,0.97510420743921244,-0.0041593619491062106,0.015559408389234974
DM1_lPN,R,320,1,0.98501787251024719,0.99436213235942128,0.9974367840807381,0.97114353554520039,-0.0046721299245870429,0.018546466889633906
DM1_lPN,R,335,1,0.98481139647864124,0.99424658220121032,0.99732413680003351,0.97143584637551739,-0.0047175928612845364,0.018093142964408337
MBON32,L,0,1,0.30552888081497664,0.30552888081497664,0.30552888081497664,0.30552888081497664,0,0
MBON32,L,1,1,0.34419573008732685,0.34419573008732685,0.34419573008732685,0.34419573008732685,0,0
MBON32,L,20,1,0.78368957555232066,0.7836895437323953,0.78368952270276604,0.78368959755004919,1.5909962680638046e-08,-3.7907691208260985e-08
MBON32,L,40,1,0.40857506765225465,0.40852553432657912,0.40848881693634281,0.40861433540862319,2.4766662837766296e-05,-6.4034419206271398e-05
MBON32,L,60,1,0.11815529059473862,0.11814096611693092,0.11813034786276724,0.11816664638595528,7.162238903846152e-06,-1.8518030120512341e-05
MBON32,L,100,1,0.0098813389185598757,0.0098801409610301,0.0098792529553590573,0.0098822886045293271,5.9897876488780588e-07,-1.5486647343392751e-06
MBON32,L,160,1,0.00023897899444649706,0.00023895002198758187,0.00023892854567712622,0.00023900196248755908,1.4486229457592978e-08,-3.7454270519624629e-08
MBON32,L,220,1,5.779678266007944e-06,5.7789775705703088e-06,5.7784581685824077e-06,5.7802337453213186e-06,3.5034771881758451e-10,-9.0582703219268103e-10
MBON32,L,320,1,1.168988450100225e-08,1.1688467285655845e-08,1.1687416751531209e-08,1.1691008004546455e-08,7.086076732028742e-13,-1.8321112174078987e-12
MBON32,L,335,1,4.609949880562298e-09,4.6093909963649067e-09,4.6089767142852323e-09,4.6103929384068072e-09,2.7944209869567417e-13,-7.2249994320448082e-13
MBON32,R,0,1,0.43671258584136113,0.43671258584136113,0.43671258584136113,0.43671258584136113,0,0
MBON32,R,1,1,0.46248632000662232,0.46248632000662232,0.46248632000662232,0.46248632000662232,0,0
MBON32,R,20,1,0.77709733866334552,0.77709733047828367,0.77709732432206458,0.77709734509298745,4.0925309252592967e-09,-1.052217291075408e-08
MBON32,R,40,1,0.47430375954573339,0.47429354397108936,0.47428520040995731,0.47431167847001232,5.107787322017332e-06,-1.3026711600971908e-05
MBON32,R,60,1,0.1822693386881363,0.1822654129633296,0.18226220663122858,0.18227238183730443,1.9628624033513065e-06,-5.0060115714956055e-06
MBON32,R,100,1,0.026917066003297001,0.026916486262378921,0.02691601275952098,0.026917515407720111,2.8987045904045605e-07,-7.3927488215136394e-07
MBON32,R,160,1,0.0015275620899985354,0.0015275291893009539,0.00152750231768667,0.001527587594009998,1.645034879073793e-08,-4.1954360253471448e-08
MBON32,R,220,1,8.6690203847435769e-05,8.6688336710119998e-05,8.6686811727446384e-05,8.6691651217704328e-05,9.3356865788548227e-10,-2.3809389264442581e-09
MBON32,R,320,1,7.2653288767436425e-07,7.265172395779776e-07,7.2650445900973847e-07,7.2654501778888835e-07,7.8240481933218697e-12,-1.995416271742608e-11
MBON32,R,335,1,3.5460762202960192e-07,3.5459998447548222e-07,3.5459374651022574e-07,3.5461354252011154e-07,3.8187770598527255e-12,-9.7392675694669418e-12
LAL170,L,0,1,2.7667676167109806e-322,2.7667676167109806e-322,2.7667676167109806e-322,2.7667676167109806e-322,0,0
LAL170,L,1,1,2.7667676167109806e-322,2.7667676167109806e-322,2.7667676167109806e-322,2.7667676167109806e-322,0,0
LAL170,L,20,1,2.7667676167109806e-322,2.7667676167109806e-322,2.7667676167109806e-322,2.7667676167109806e-322,0,0
LAL170,L,40,1,2.7667676167109806e-322,2.7667676167109806e-322,2.7667676167109806e-322,2.7667676167109806e-322,0,0
LAL170,L,60,1,2.7667676167109806e-322,2.7667676167109806e-322,2.7667676167109806e-322,2.7667676167109806e-322,0,0
LAL170,L,100,1,2.7667676167109806e-322,2.7667676167109806e-322,2.7667676167109806e-322,2.7667676167109806e-322,0,0
LAL170,L,160,1,2.7667676167109806e-322,2.7667676167109806e-322,2.7667676167109806e-322,2.7667676167109806e-322,0,0
LAL170,L,220,1,2.7667676167109806e-322,2.7667676167109806e-322,2.7667676167109806e-322,2.7667676167109806e-322,0,0
LAL170,L,320,1,2.7667676167109806e-322,2.7667676167109806e-322,2.7667676167109806e-322,2.7667676167109806e-322,0,0
LAL170,L,335,1,2.7667676167109806e-322,2.7667676167109806e-322,2.7667676167109806e-322,2.7667676167109806e-322,0,0
LAL170,R,0,1,2.569141358374482e-322,2.569141358374482e-322,2.569141358374482e-322,2.569141358374482e-322,0,0
LAL170,R,1,1,2.569141358374482e-322,2.569141358374482e-322,2.569141358374482e-322,2.569141358374482e-322,0,0
LAL170,R,20,1,2.569141358374482e-322,2.569141358374482e-322,2.569141358374482e-322,2.569141358374482e-322,0,0
LAL170,R,40,1,2.569141358374482e-322,2.569141358374482e-322,2.569141358374482e-322,2.569141358374482e-322,0,0
LAL170,R,60,1,2.569141358374482e-322,2.569141358374482e-322,2.569141358374482e-322,2.569141358374482e-322,0,0
LAL170,R,100,1,2.569141358374482e-322,2.569141358374482e-322,2.569141358374482e-322,2.569141358374482e-322,0,0
LAL170,R,160,1,2.569141358374482e-322,2.569141358374482e-322,2.569141358374482e-322,2.569141358374482e-322,0,0
LAL170,R,220,1,2.569141358374482e-322,2.569141358374482e-322,2.569141358374482e-322,2.569141358374482e-322,0,0
LAL170,R,320,1,2.569141358374482e-322,2.569141358374482e-322,2.569141358374482e-322,2.569141358374482e-322,0,0
LAL170,R,335,1,2.569141358374482e-322,2.569141358374482e-322,2.569141358374482e-322,2.569141358374482e-322,0,0
LAL171,L,0,1,0.33915350826338403,0.33915350826338403,0.33915350826338403,0.33915350826338403,0,0
LAL171,L,1,1,0.3703259460204017,0.3703259460204017,0.3703259460204017,0.3703259460204017,0,0
LAL171,L,20,1,0.52992256977806651,0.52992265578298692,0.52992265360448521,0.52992262125770984,-4.3002460203833692e-08,-8.4771830666241499e-09
LAL171,L,40,1,0.19152723130846644,0.19152726239278969,0.19152726160542516,0.19152724991449352,-1.554216162713562e-08,-3.0638654668901921e-09
LAL171,L,60,1,0.069222717477479156,0.069222728712128687,0.069222728427555766,0.069222724202161384,-5.6173247650614933e-09,-1.1073574557318722e-09
LAL171,L,100,1,0.0090424240978709998,0.0090424255654306118,0.0090424255282574272,0.0090424249763026553,-7.3377980601418979e-10,-1.446518495262783e-10
LAL171,L,160,1,0.00042691283640011507,0.00042691290568684772,0.0004269129039318198,0.00042691287787281383,-3.4643366327762395e-11,-6.8293324554519197e-12
LAL171,L,220,1,2.0155499002319753e-05,2.0155502273499443e-05,2.01555021906408e-05,2.0155500960337475e-05,-1.6355898450529484e-12,-3.2242787541443552e-13
LAL171,L,320,1,1.2430371938142109e-07,1.2430373955555732e-07,1.2430373904454939e-07,1.2430373145697872e-07,-1.0087068114640203e-14,-1.9884895177160712e-15
LAL171,L,335,1,5.7942563984364074e-08,5.7942573388275566e-08,5.79425731500758e-08,5.7942569613228458e-08,-4.7019557459795147e-15,-9.2690863725385859e-16
LAL171,R,0,1,0.089019631778560981,0.089019631778560981,0.089019631778560981,0.089019631778560981,0,0
LAL171,R,1,1,0.11581457448065868,0.11581457448065868,0.11581457448065868,0.11581457448065868,0,0
LAL171,R,20,1,0.30258758602897623,0.30258758971049177,0.30258759110691708,0.30258758463402186,-1.8407577684342868e-09,3.2357121426684898e-09
LAL171,R,40,1,0.10227095699695227,0.10227095824125979,0.10227095871323504,0.1022709565254742,-6.2215375906671255e-10,1.0936318239895826e-09
LAL171,R,60,1,0.03456635079560353,0.034566351216164352,0.03456635137568629,0.034566350636249625,-2.102804111392409e-10,3.6963431621073184e-10
LAL171,R,100,1,0.0039487165451999023,0.003948716593243042,0.0039487166114661638,0.0039487165269959847,-2.4021569889481897e-11,4.222548699583939e-11
LAL171,R,160,1,0.00015246129313916729,0.00015246129499412876,0.00015246129569772973,0.00015246129243630757,-9.2748073490019761e-13,1.6303404752528866e-12
LAL171,R,220,1,5.8865825489355855e-06,5.8865826205563013e-06,5.8865826477225783e-06,5.886582521797945e-06,-3.5810357924029009e-14,6.2947998864196913e-14
LAL171,R,320,1,2.5963862742934301e-08,2.5963863058830921e-08,2.5963863178652787e-08,2.5963862623238845e-08,-1.5794830989784689e-16,2.7764376817346478e-16
LAL171,R,335,1,1.1509202052205263e-08,1.150920219223518e-08,1.1509202245349536e-08,1.1509201999146926e-08,-7.0014958425639153e-17,1.2307329662909248e-16
DNa02,L,0,1,6.7937777207044388e-51,6.7937777207044388e-51,6.7937777207044388e-51,6.7937777207044388e-51,0,0
DNa02,L,1,1,6.5059765051305802e-51,6.5059765051305802e-51,6.5059765051305802e-51,6.5059765051305802e-51,0,0
DNa02,L,20,1,0.063141068654786303,0.063141066821414488,0.063141075001458033,0.063141062373898355,9.1668590773696934e-10,5.364202040891719e-09
DNa02,L,40,1,0.031121330058903676,0.031121272311535053,0.031121348859316694,0.031121249082256643,2.8873684311536696e-08,5.2102962722067048e-08
DNa02,L,60,1,0.013094269996422105,0.013094245699271713,0.013094277906677984,0.013094235925574956,1.2148575196171962e-08,2.1922271952606875e-08
DNa02,L,100,1,0.0023180754936631856,0.0023180711923444491,0.0023180768940138968,0.0023180694621092505,2.1506593682590197e-09,3.8808945670813777e-09
DNa02,L,160,1,0.00017266209330229053,0.00017266177291811941,0.00017266219760755924,0.0001726616440413708,1.6019208556221701e-10,2.8906883416351774e-10
DNa02,L,220,1,1.2860753907724402e-05,0.010487022529186507,0.0042801434957205932,0.00018097603708743659,-0.0052370808876393915,0.0050689656044596793
DNa02,L,320,1,0.20899977248906534,0.26069279158294034,0.26238187262765605,0.21950871664455091,-0.025846509546937499,0.015337565391451924
DNa02,L,335,1,0.10918504813377947,0.13735488470675591,0.13877455470076194,0.11467509991607039,-0.014084918286488224,0.0085948665041973016
DNa02,R,0,1,2.6185479229586067e-322,2.6185479229586067e-322,2.6185479229586067e-322,2.6185479229586067e-322,0,0
DNa02,R,1,1,4.0057275090496397e-06,4.0057275090496397e-06,4.0057275090496397e-06,4.0057275090496397e-06,0,0
DNa02,R,20,1,0.17711202750846017,0.17711201266569568,0.17711203606096532,0.17711200738606192,7.4213822448543354e-09,1.2701016016691824e-08
DNa02,R,40,1,0.13475606249204217,0.13475599084900755,0.13475698031009523,0.13475511295574558,3.5821517307965678e-08,9.1371477928259281e-07
DNa02,R,60,1,0.052666870943742693,0.05266684294341089,0.052667229655655332,0.052666499835351079,1.4000165901584261e-08,3.5710822571255463e-07
DNa02,R,100,1,0.0080448124713249844,0.0080448081943019865,0.008044867264215055,0.0080447557848851037,2.138511498959994e-09,5.4547928380818678e-08
DNa02,R,160,1,0.00048026787442389108,0.00048026761908956703,0.00048027114550881973,0.00048026449029578422,1.2766716202543445e-10,3.256460944867437e-09
DNa02,R,220,1,2.8671548532150275e-05,2.8671533288927002e-05,2.8671743812899244e-05,2.8671346502827767e-05,7.621611636149145e-12,1.9440771087340914e-10
DNa02,R,320,1,0.00022268232697114103,2.6145499252947072e-07,2.6145691229228988e-07,2.6145328923171896e-07,0.00011121043598930578,0.00011121043769260354
DNa02,R,335,1,0.00011007220183590606,1.2923758746440111e-07,1.2923853640598702e-07,1.2923674552181646e-07,5.4971482124220829e-05,5.4971482966163413e-05
